run,herd ID,herd type ID,herd type,species ID,herd size,farm ID,lat,long,LGA ID,region ID,mega-region ID,jurisdiction ID,risk category,biosecurity weight,unused,unused,day infected,infection pathway,source herd ID,source jurisdiction ID,day clinical,day diagnosed,reason diagnosed,day culled,reason culled,day vaccinated,day immune,last day infected,prevalence,seroprevalence,num sero+,lacto-prevalence
1,58373,6,dairy,1,346,58373,-36.3957,144.928,165,9,3,2,0.0,1.0,0,0,-1,,-1,-1,-1,-1,,-1,,21,28,-1,0.0000,0.0000,0,0.0000
1,20743,2,beef intensive,1,61,20743,-36.3129,144.904,165,9,3,2,0.0,1.0,0,0,-1,,-1,-1,-1,-1,,-1,,22,29,-1,0.0000,0.0000,0,0.0000
1,58375,6,dairy,1,122,58375,-36.3416,144.878,165,9,3,2,0.0,1.0,0,0,26,local,20807,2,27,27,ARP,30,IP,-1,-1,30,0.0000,0.0000,0,0.0000
1,20745,2,beef intensive,1,32,20745,-36.4185,144.89,165,9,3,2,0.0,1.0,0,0,-1,,-1,-1,-1,-1,,-1,,26,33,-1,0.0000,0.0000,0,0.0000
1,20746,2,beef intensive,1,36,20746,-36.3391,144.857,165,9,3,2,0.0,1.0,0,0,-1,,-1,-1,-1,-1,,-1,,28,35,-1,0.0000,0.0000,0,0.0000
1,58381,6,dairy,1,575,58381,-36.3676,144.943,165,9,3,2,0.0,1.0,0,0,-1,,-1,-1,-1,-1,,-1,,21,28,-1,0.0000,0.0000,0,0.0000
1,20753,2,beef intensive,1,48,20753,-36.33,144.873,165,9,3,2,0.0,1.0,0,0,-1,,-1,-1,-1,-1,,-1,,28,35,-1,0.0000,0.0000,0,0.0000
1,58393,6,dairy,1,377,58393,-36.3875,144.89,165,9,3,2,0.0,1.0,0,0,-1,,-1,-1,-1,-1,,-1,,21,28,-1,0.0000,0.0000,0,0.0000
1,20763,2,beef intensive,1,30,20763,-36.3759,144.858,165,9,3,2,0.0,1.0,0,0,-1,,-1,-1,-1,-1,,-1,,21,28,-1,0.0000,0.0000,0,0.0000
1,20767,2,beef intensive,1,72,20767,-36.3093,144.915,165,9,3,2,0.0,1.0,0,0,18,local,58486,2,19,23,ARP,26,IP,22,-1,26,0.0000,0.0000,0,0.0000
1,20773,2,beef intensive,1,113,20773,-36.3494,144.921,165,9,3,2,0.0,1.0,0,0,-1,,-1,-1,-1,-1,,-1,,22,29,-1,0.0000,0.0000,0,0.0000
1,20774,2,beef intensive,1,150,20774,-36.3837,144.863,165,9,3,2,0.0,1.0,0,0,-1,,-1,-1,-1,-1,,-1,,22,29,-1,0.0000,0.0000,0,0.0000
1,20775,2,beef intensive,1,71,20775,-36.3089,144.907,165,9,3,2,0.0,1.0,0,0,17,local,58486,2,18,23,SP,26,IP,22,-1,26,0.0000,0.0000,0,0.0000
1,58407,6,dairy,1,226,58407,-36.3734,144.949,165,9,3,2,0.0,1.0,0,0,-1,,-1,-1,-1,-1,,-1,,21,28,-1,0.0000,0.0000,0,0.0000
1,20777,2,beef intensive,1,58,20777,-36.4001,144.916,165,9,3,2,0.0,1.0,0,0,-1,,-1,-1,-1,-1,,-1,,26,33,-1,0.0000,0.0000,0,0.0000
1,58409,6,dairy,1,92,58409,-36.3257,144.935,165,9,3,2,0.0,1.0,0,0,-1,,-1,-1,-1,-1,,-1,,21,28,-1,0.0000,0.0000,0,0.0000
1,20779,2,beef intensive,1,88,20779,-36.3332,144.859,165,9,3,2,0.0,1.0,0,0,-1,,-1,-1,-1,-1,,-1,,28,35,-1,0.0000,0.0000,0,0.0000
1,58419,6,dairy,1,561,58419,-36.4185,144.887,165,9,3,2,0.0,1.0,0,0,-1,,-1,-1,-1,-1,,-1,,26,33,-1,0.0000,0.0000,0,0.0000
1,20789,2,beef intensive,1,46,20789,-36.4042,144.879,165,9,3,2,0.0,1.0,0,0,-1,,-1,-1,-1,-1,,-1,,26,33,-1,0.0000,0.0000,0,0.0000
1,20790,2,beef intensive,1,103,20790,-36.3372,144.875,165,9,3,2,0.0,1.0,0,0,-1,,-1,-1,-1,-1,,-1,,28,35,-1,0.0000,0.0000,0,0.0000
1,64828,7,pigs small,3,497,64828,-36.3539,144.911,165,9,3,2,0.0,0.8,0,0,0,seeding,0,-1,1,22,ARP,24,IP,-1,-1,24,0.0000,0.0000,0,0.0000
1,58435,6,dairy,1,460,58435,-36.3441,144.859,165,9,3,2,0.0,1.0,0,0,-1,,-1,-1,-1,-1,,-1,,28,35,-1,0.0000,0.0000,0,0.0000
1,20807,2,beef intensive,1,90,20807,-36.3329,144.897,165,9,3,2,0.0,1.0,0,0,16,local,58486,2,17,23,SP,26,IP,22,-1,26,0.0000,0.0000,0,0.0000
1,58445,6,dairy,1,502,58445,-36.3275,144.918,165,9,3,2,0.0,1.0,0,0,13,local,58486,2,14,21,SP,24,IP,-1,-1,24,0.0000,0.0000,0,0.0000
1,58447,6,dairy,1,215,58447,-36.3243,144.906,165,9,3,2,0.0,1.0,0,0,-1,,-1,-1,-1,-1,,-1,,21,28,-1,0.0000,0.0000,0,0.0000
1,58448,6,dairy,1,184,58448,-36.3245,144.925,165,9,3,2,0.0,1.0,0,0,19,local,58486,2,21,22,ARP,25,IP,21,-1,25,0.0000,0.0000,0,0.0000
1,20819,2,beef intensive,1,62,20819,-36.3779,144.942,165,9,3,2,0.0,1.0,0,0,-1,,-1,-1,-1,-1,,-1,,22,29,-1,0.0000,0.0000,0,0.0000
1,58455,6,dairy,1,237,58455,-36.3047,144.921,165,9,3,2,0.0,1.0,0,0,-1,,-1,-1,-1,-1,,-1,,21,28,-1,0.0000,0.0000,0,0.0000
1,20827,2,beef intensive,1,113,20827,-36.3746,144.897,165,9,3,2,0.0,1.0,0,0,-1,,-1,-1,-1,-1,,-1,,22,29,-1,0.0000,0.0000,0,0.0000
1,58471,6,dairy,1,365,58471,-36.3182,144.887,165,9,3,2,0.0,1.0,0,0,25,local,20775,2,26,33,SP,36,IP,21,28,36,0.0000,0.0000,0,0.0000
1,58472,6,dairy,1,291,58472,-36.3815,144.911,165,9,3,2,0.0,1.0,0,0,-1,,-1,-1,-1,-1,,-1,,21,28,-1,0.0000,0.0000,0,0.0000
1,58476,6,dairy,1,120,58476,-36.3933,144.936,165,9,3,2,0.0,1.0,0,0,-1,,-1,-1,-1,-1,,-1,,21,28,-1,0.0000,0.0000,0,0.0000
1,128620,10,smallholder,4,3,128620,-36.3927,144.894,165,9,3,2,0.0,1.0,0,0,18,local,58352,2,20,25,SP,27,IP,-1,-1,27,0.0000,0.0000,0,0.0000
1,58486,6,dairy,1,510,58486,-36.3284,144.915,165,9,3,2,0.0,1.0,0,0,8,local,64828,2,9,18,SP,21,IP,-1,-1,21,0.0000,0.0000,0,0.0000
1,20858,2,beef intensive,1,40,20858,-36.33,144.931,165,9,3,2,0.0,1.0,0,0,-1,,-1,-1,-1,-1,,-1,,22,29,-1,0.0000,0.0000,0,0.0000
1,58494,6,dairy,1,383,58494,-36.3246,144.903,165,9,3,2,0.0,1.0,0,0,-1,,-1,-1,-1,-1,,-1,,21,28,-1,0.0000,0.0000,0,0.0000
1,20865,2,beef intensive,1,40,20865,-36.3478,144.895,165,9,3,2,0.0,1.0,0,0,-1,,-1,-1,-1,-1,,-1,,22,29,-1,0.0000,0.0000,0,0.0000
1,58532,6,dairy,1,346,58532,-36.3703,144.86,165,9,3,2,0.0,1.0,0,0,-1,,-1,-1,-1,-1,,-1,,21,28,-1,0.0000,0.0000,0,0.0000
1,20689,2,beef intensive,1,96,20689,-36.3558,144.867,165,9,3,2,0.0,1.0,0,0,-1,,-1,-1,-1,-1,,-1,,22,29,-1,0.0000,0.0000,0,0.0000
1,58330,6,dairy,1,268,58330,-36.3692,144.887,165,9,3,2,0.0,1.0,0,0,15,local,58357,2,16,18,ARP,21,IP,-1,-1,21,0.0000,0.0000,0,0.0000
1,20699,2,beef intensive,1,67,20699,-36.4101,144.889,165,9,3,2,0.0,1.0,0,0,-1,,-1,-1,-1,-1,,-1,,26,33,-1,0.0000,0.0000,0,0.0000
1,58331,6,dairy,1,532,58331,-36.4031,144.864,165,9,3,2,0.0,1.0,0,0,-1,,-1,-1,-1,-1,,-1,,26,33,-1,0.0000,0.0000,0,0.0000
1,58338,6,dairy,1,292,58338,-36.4066,144.87,165,9,3,2,0.0,1.0,0,0,-1,,-1,-1,-1,-1,,-1,,26,33,-1,0.0000,0.0000,0,0.0000
1,58339,6,dairy,1,486,58339,-36.333,144.869,165,9,3,2,0.0,1.0,0,0,-1,,-1,-1,-1,-1,,-1,,28,35,-1,0.0000,0.0000,0,0.0000
1,58340,6,dairy,1,455,58340,-36.3454,144.862,165,9,3,2,0.0,1.0,0,0,-1,,-1,-1,-1,-1,,-1,,28,35,-1,0.0000,0.0000,0,0.0000
1,58345,6,dairy,1,273,58345,-36.4061,144.887,165,9,3,2,0.0,1.0,0,0,23,local,128620,2,25,31,SP,34,IP,26,33,34,0.0000,0.0000,0,0.0000
1,58349,6,dairy,1,336,58349,-36.381,144.928,165,9,3,2,0.0,1.0,0,0,-1,,-1,-1,-1,-1,,-1,,21,28,-1,0.0000,0.0000,0,0.0000
1,58352,6,dairy,1,298,58352,-36.3725,144.889,165,9,3,2,0.0,1.0,0,0,9,local,64828,2,10,18,SP,21,IP,-1,-1,21,0.0000,0.0000,0,0.0000
1,120051,10,smallholder,4,10,120051,-36.3714,144.919,165,9,3,2,0.0,1.0,0,0,7,local,64828,2,9,20,SP,22,IP,-1,-1,22,0.0000,0.0000,0,0.0000
1,58357,6,dairy,1,357,58357,-36.362,144.901,165,9,3,2,0.0,1.0,0,0,5,local,64828,2,6,14,first detection,17,IP,-1,-1,17,0.0000,0.0000,0,0.0000
2,21506,2,beef intensive,1,148,21506,-36.1211,145.261,201,9,3,2,0.0,1.0,0,0,-1,,-1,-1,-1,-1,,-1,,40,47,-1,0.0000,0.0000,0,0.0000
2,20740,2,beef intensive,1,45,20740,-36.333,144.952,165,9,3,2,0.0,1.0,0,0,-1,,-1,-1,-1,-1,,-1,,23,30,-1,0.0000,0.0000,0,0.0000
2,116231,10,smallholder,4,6,116231,-36.3385,144.917,165,9,3,2,0.0,1.0,0,0,15,local,64828,2,17,20,ARP,22,IP,-1,-1,22,0.0000,0.0000,0,0.0000
2,20743,2,beef intensive,1,61,20743,-36.3129,144.904,165,9,3,2,0.0,1.0,0,0,17,local,58486,2,18,24,SP,27,IP,22,29,27,0.0000,0.0000,0,0.0000
2,58375,6,dairy,1,122,58375,-36.3416,144.878,165,9,3,2,0.0,1.0,0,0,-1,,-1,-1,-1,-1,,-1,,21,28,-1,0.0000,0.0000,0,0.0000
2,21005,2,beef intensive,1,38,21005,-36.2387,144.521,165,9,3,2,0.0,1.0,0,0,-1,,-1,-1,-1,-1,,-1,,22,29,-1,0.0000,0.0000,0,0.0000
2,58381,6,dairy,1,575,58381,-36.3676,144.943,165,9,3,2,0.0,1.0,0,0,-1,,-1,-1,-1,-1,,-1,,21,28,-1,0.0000,0.0000,0,0.0000
2,20753,2,beef intensive,1,48,20753,-36.33,144.873,165,9,3,2,0.0,1.0,0,0,-1,,-1,-1,-1,-1,,-1,,22,29,-1,0.0000,0.0000,0,0.0000
2,21010,2,beef intensive,1,135,21010,-36.2002,144.507,165,9,3,2,0.0,1.0,0,0,-1,,-1,-1,-1,-1,,-1,,22,29,-1,0.0000,0.0000,0,0.0000
2,58642,6,dairy,1,298,58642,-36.2064,144.52,165,9,3,2,0.0,1.0,0,0,-1,,-1,-1,-1,-1,,-1,,21,28,-1,0.0000,0.0000,0,0.0000
2,59416,6,dairy,1,316,59416,-36.1243,145.242,201,9,3,2,0.0,1.0,0,0,-1,,-1,-1,-1,-1,,-1,,36,43,-1,0.0000,0.0000,0,0.0000
2,58393,6,dairy,1,377,58393,-36.3875,144.89,165,9,3,2,0.0,1.0,0,0,-1,,-1,-1,-1,-1,,-1,,21,28,-1,0.0000,0.0000,0,0.0000
2,20763,2,beef intensive,1,30,20763,-36.3759,144.858,165,9,3,2,0.0,1.0,0,0,-1,,-1,-1,-1,-1,,-1,,22,29,-1,0.0000,0.0000,0,0.0000
2,20767,2,beef intensive,1,72,20767,-36.3093,144.915,165,9,3,2,0.0,1.0,0,0,-1,,-1,-1,-1,-1,,-1,,22,29,-1,0.0000,0.0000,0,0.0000
2,58656,6,dairy,1,210,58656,-36.2301,144.568,165,9,3,2,0.0,1.0,0,0,-1,,-1,-1,-1,-1,,-1,,26,33,-1,0.0000,0.0000,0,0.0000
2,58401,6,dairy,1,139,58401,-36.2995,144.896,165,9,3,2,0.0,1.0,0,0,-1,,-1,-1,-1,-1,,-1,,21,28,-1,0.0000,0.0000,0,0.0000
2,20773,2,beef intensive,1,113,20773,-36.3494,144.921,165,9,3,2,0.0,1.0,0,0,4,local,64828,2,5,20,ARP,23,IP,-1,-1,23,0.0000,0.0000,0,0.0000
2,20774,2,beef intensive,1,150,20774,-36.3837,144.863,165,9,3,2,0.0,1.0,0,0,-1,,-1,-1,-1,-1,,-1,,22,29,-1,0.0000,0.0000,0,0.0000
2,20775,2,beef intensive,1,71,20775,-36.3089,144.907,165,9,3,2,0.0,1.0,0,0,17,local,58486,2,18,24,SP,27,IP,22,29,27,0.0000,0.0000,0,0.0000
2,58409,6,dairy,1,92,58409,-36.3257,144.935,165,9,3,2,0.0,1.0,0,0,-1,,-1,-1,-1,-1,,-1,,21,28,-1,0.0000,0.0000,0,0.0000
2,59434,6,dairy,1,186,59434,-36.1091,145.185,201,9,3,2,0.0,1.0,0,0,-1,,-1,-1,-1,-1,,-1,,36,43,-1,0.0000,0.0000,0,0.0000
2,59440,6,dairy,1,258,59440,-36.131,145.21,201,9,3,2,0.0,1.0,0,0,-1,,-1,-1,-1,-1,,-1,,36,43,-1,0.0000,0.0000,0,0.0000
2,20785,2,beef intensive,1,133,20785,-36.3107,144.876,165,9,3,2,0.0,1.0,0,0,-1,,-1,-1,-1,-1,,-1,,22,29,-1,0.0000,0.0000,0,0.0000
2,58417,6,dairy,1,221,58417,-36.2742,144.889,165,9,3,2,0.0,1.0,0,0,-1,,-1,-1,-1,-1,,-1,,29,36,-1,0.0000,0.0000,0,0.0000
2,20790,2,beef intensive,1,103,20790,-36.3372,144.875,165,9,3,2,0.0,1.0,0,0,-1,,-1,-1,-1,-1,,-1,,22,29,-1,0.0000,0.0000,0,0.0000
2,58423,6,dairy,1,298,58423,-36.3478,144.956,165,9,3,2,0.0,1.0,0,0,-1,,-1,-1,-1,-1,,-1,,23,30,-1,0.0000,0.0000,0,0.0000
2,64828,7,pigs small,3,497,64828,-36.3539,144.911,165,9,3,2,0.0,0.8,0,0,0,seeding,0,-1,1,18,ARP,20,IP,-1,-1,20,0.0000,0.0000,0,0.0000
2,20807,2,beef intensive,1,90,20807,-36.3329,144.897,165,9,3,2,0.0,1.0,0,0,19,local,58486,2,20,22,SP,25,IP,22,-1,25,0.0000,0.0000,0,0.0000
2,125771,10,smallholder,4,8,125771,-36.218,144.539,165,9,3,2,0.0,1.0,0,0,18,local,20907,2,21,25,ARP,27,IP,-1,-1,27,0.0000,0.0000,0,0.0000
2,58445,6,dairy,1,502,58445,-36.3275,144.918,165,9,3,2,0.0,1.0,0,0,15,local,58486,2,16,24,SP,27,IP,21,28,27,0.0000,0.0000,0,0.0000
2,59213,6,dairy,1,220,59213,-36.0941,145.185,201,9,3,2,0.0,1.0,0,0,-1,,-1,-1,-1,-1,,-1,,44,51,-1,0.0000,0.0000,0,0.0000
2,58447,6,dairy,1,215,58447,-36.3243,144.906,165,9,3,2,0.0,1.0,0,0,22,local,58448,2,23,29,SP,32,IP,21,28,32,0.0000,0.0000,0,0.0000
2,58448,6,dairy,1,184,58448,-36.3245,144.925,165,9,3,2,0.0,1.0,0,0,17,local,58486,2,18,23,SP,26,IP,-1,-1,26,0.0000,0.0000,0,0.0000
2,59222,6,dairy,1,198,59222,-36.1322,145.255,201,9,3,2,0.0,1.0,0,0,-1,,-1,-1,-1,-1,,-1,,40,47,-1,0.0000,0.0000,0,0.0000
2,58455,6,dairy,1,237,58455,-36.3047,144.921,165,9,3,2,0.0,1.0,0,0,-1,,-1,-1,-1,-1,,-1,,21,28,-1,0.0000,0.0000,0,0.0000
2,58713,6,dairy,1,189,58713,-36.2085,144.545,165,9,3,2,0.0,1.0,0,0,-1,,-1,-1,-1,-1,,-1,,21,28,-1,0.0000,0.0000,0,0.0000
2,20827,2,beef intensive,1,113,20827,-36.3746,144.897,165,9,3,2,0.0,1.0,0,0,-1,,-1,-1,-1,-1,,-1,,22,29,-1,0.0000,0.0000,0,0.0000
2,21595,2,beef intensive,1,108,21595,-36.0771,145.209,201,9,3,2,0.0,1.0,0,0,-1,,-1,-1,-1,-1,,-1,,44,51,-1,0.0000,0.0000,0,0.0000
2,58459,6,dairy,1,190,58459,-36.2923,144.909,165,9,3,2,0.0,1.0,0,0,-1,,-1,-1,-1,-1,,-1,,29,36,-1,0.0000,0.0000,0,0.0000
2,58460,6,dairy,1,583,58460,-36.2808,144.9,165,9,3,2,0.0,1.0,0,0,-1,,-1,-1,-1,-1,,-1,,29,36,-1,0.0000,0.0000,0,0.0000
2,20829,2,beef intensive,1,31,20829,-36.3323,144.96,165,9,3,2,0.0,1.0,0,0,-1,,-1,-1,-1,-1,,-1,,23,30,-1,0.0000,0.0000,0,0.0000
2,58471,6,dairy,1,365,58471,-36.3182,144.887,165,9,3,2,0.0,1.0,0,0,-1,,-1,-1,-1,-1,,-1,,21,28,-1,0.0000,0.0000,0,0.0000
2,58472,6,dairy,1,291,58472,-36.3815,144.911,165,9,3,2,0.0,1.0,0,0,-1,,-1,-1,-1,-1,,-1,,21,28,-1,0.0000,0.0000,0,0.0000
2,58480,6,dairy,1,441,58480,-36.3164,144.949,165,9,3,2,0.0,1.0,0,0,-1,,-1,-1,-1,-1,,-1,,23,30,-1,0.0000,0.0000,0,0.0000
2,21619,2,beef intensive,1,118,21619,-36.0787,145.236,201,9,3,2,0.0,1.0,0,0,-1,,-1,-1,-1,-1,,-1,,44,51,-1,0.0000,0.0000,0,0.0000
2,58483,6,dairy,1,295,58483,-36.2852,144.939,165,9,3,2,0.0,1.0,0,0,-1,,-1,-1,-1,-1,,-1,,29,36,-1,0.0000,0.0000,0,0.0000
2,58486,6,dairy,1,510,58486,-36.3284,144.915,165,9,3,2,0.0,1.0,0,0,6,local,64828,2,7,22,DCP,25,IP,21,-1,25,0.0000,0.0000,0,0.0000
2,20857,2,beef intensive,1,157,20857,-36.2876,144.93,165,9,3,2,0.0,1.0,0,0,31,local,58516,2,32,41,SP,44,IP,29,36,44,0.0000,0.0000,0,0.0000
2,20858,2,beef intensive,1,40,20858,-36.33,144.931,165,9,3,2,0.0,1.0,0,0,-1,,-1,-1,-1,-1,,-1,,22,29,-1,0.0000,0.0000,0,0.0000
2,58491,6,dairy,1,248,58491,-36.2794,144.919,165,9,3,2,0.0,1.0,0,0,-1,,-1,-1,-1,-1,,-1,,29,36,-1,0.0000,0.0000,0,0.0000
2,20861,2,beef intensive,1,30,20861,-36.33,144.952,165,9,3,2,0.0,1.0,0,0,-1,,-1,-1,-1,-1,,-1,,23,30,-1,0.0000,0.0000,0,0.0000
2,58494,6,dairy,1,383,58494,-36.3246,144.903,165,9,3,2,0.0,1.0,0,0,13,local,58486,2,14,20,SP,23,IP,-1,-1,23,0.0000,0.0000,0,0.0000
2,20865,2,beef intensive,1,40,20865,-36.3478,144.895,165,9,3,2,0.0,1.0,0,0,-1,,-1,-1,-1,-1,,-1,,22,29,-1,0.0000,0.0000,0,0.0000
2,21637,2,beef intensive,1,61,21637,-36.1087,145.216,201,9,3,2,0.0,1.0,0,0,26,direct,58448,2,28,35,SP,38,IP,-1,-1,38,0.0000,0.0000,0,0.0000
2,58510,6,dairy,1,209,58510,-36.2775,144.907,165,9,3,2,0.0,1.0,0,0,-1,,-1,-1,-1,-1,,-1,,29,36,-1,0.0000,0.0000,0,0.0000
2,58512,6,dairy,1,663,58512,-36.3016,144.878,165,9,3,2,0.0,1.0,0,0,-1,,-1,-1,-1,-1,,-1,,29,36,-1,0.0000,0.0000,0,0.0000
2,58516,6,dairy,1,532,58516,-36.292,144.908,165,9,3,2,0.0,1.0,0,0,24,local,20775,2,25,28,SP,31,IP,-1,-1,31,0.0000,0.0000,0,0.0000
2,21659,2,beef intensive,1,71,21659,-36.1166,145.245,201,9,3,2,0.0,1.0,0,0,-1,,-1,-1,-1,-1,,-1,,36,43,-1,0.0000,0.0000,0,0.0000
2,58526,6,dairy,1,232,58526,-36.2766,144.929,165,9,3,2,0.0,1.0,0,0,-1,,-1,-1,-1,-1,,-1,,29,36,-1,0.0000,0.0000,0,0.0000
2,81825,9,sheep,2,1133,81825,-36.1198,145.233,201,9,3,2,0.0,1.0,0,0,33,local,21637,2,36,39,ARP,41,IP,-1,-1,41,0.0000,0.0000,0,0.0000
2,58532,6,dairy,1,346,58532,-36.3703,144.86,165,9,3,2,0.0,1.0,0,0,-1,,-1,-1,-1,-1,,-1,,21,28,-1,0.0000,0.0000,0,0.0000
2,58537,6,dairy,1,336,58537,-36.2879,144.876,165,9,3,2,0.0,1.0,0,0,-1,,-1,-1,-1,-1,,-1,,29,36,-1,0.0000,0.0000,0,0.0000
2,20907,2,beef intensive,1,122,20907,-36.2232,144.524,165,9,3,2,0.0,1.0,0,0,8,direct,58486,2,10,20,SP,23,IP,-1,-1,23,0.0000,0.0000,0,0.0000
2,59316,6,dairy,1,255,59316,-36.0802,145.198,201,9,3,2,0.0,1.0,0,0,-1,,-1,-1,-1,-1,,-1,,44,51,-1,0.0000,0.0000,0,0.0000
2,21434,2,beef intensive,1,63,21434,-36.1251,145.236,201,9,3,2,0.0,1.0,0,0,-1,,-1,-1,-1,-1,,-1,,36,43,-1,0.0000,0.0000,0,0.0000
2,59330,6,dairy,1,160,59330,-36.0848,145.197,201,9,3,2,0.0,1.0,0,0,-1,,-1,-1,-1,-1,,-1,,44,51,-1,0.0000,0.0000,0,0.0000
2,127685,10,smallholder,4,5,127685,-36.3398,144.936,165,9,3,2,0.0,1.0,0,0,19,local,116231,2,23,22,ARP,24,IP,-1,-1,24,0.0000,0.0000,0,0.0000
2,214471,5,mixed sheep,2,326,202232,-36.2335,144.494,165,9,3,2,0.0,1.0,0,0,-1,,-1,-1,-1,-1,,-1,,22,30,-1,0.0000,0.0000,0,0.0000
2,214470,4,mixed beef,1,155,202232,-36.2335,144.494,165,9,3,2,0.0,1.0,0,0,-1,,-1,-1,-1,-1,,-1,,22,30,-1,0.0000,0.0000,0,0.0000
2,21454,2,beef intensive,1,120,21454,-36.0942,145.213,201,9,3,2,0.0,1.0,0,0,32,local,21637,2,33,39,SP,42,IP,36,43,42,0.0000,0.0000,0,0.0000
2,58576,6,dairy,1,314,58576,-36.2052,144.534,165,9,3,2,0.0,1.0,0,0,-1,,-1,-1,-1,-1,,-1,,21,28,-1,0.0000,0.0000,0,0.0000
2,20689,2,beef intensive,1,96,20689,-36.3558,144.867,165,9,3,2,0.0,1.0,0,0,-1,,-1,-1,-1,-1,,-1,,22,29,-1,0.0000,0.0000,0,0.0000
2,59350,6,dairy,1,353,59350,-36.1271,145.256,201,9,3,2,0.0,1.0,0,0,-1,,-1,-1,-1,-1,,-1,,40,47,-1,0.0000,0.0000,0,0.0000
2,20696,2,beef intensive,1,85,20696,-36.2803,144.927,165,9,3,2,0.0,1.0,0,0,-1,,-1,-1,-1,-1,,-1,,29,36,-1,0.0000,0.0000,0,0.0000
2,58330,6,dairy,1,268,58330,-36.3692,144.887,165,9,3,2,0.0,1.0,0,0,16,local,58357,2,17,18,ARP,21,IP,-1,-1,21,0.0000,0.0000,0,0.0000
2,20956,2,beef intensive,1,113,20956,-36.1952,144.528,165,9,3,2,0.0,1.0,0,0,-1,,-1,-1,-1,-1,,-1,,26,33,-1,0.0000,0.0000,0,0.0000
2,59363,6,dairy,1,309,59363,-36.0979,145.249,201,9,3,2,0.0,1.0,0,0,-1,,-1,-1,-1,-1,,-1,,40,47,-1,0.0000,0.0000,0,0.0000
2,58343,6,dairy,1,158,58343,-36.2911,144.888,165,9,3,2,0.0,1.0,0,0,-1,,-1,-1,-1,-1,,-1,,29,36,-1,0.0000,0.0000,0,0.0000
2,21485,2,beef intensive,1,32,21485,-36.0809,145.213,201,9,3,2,0.0,1.0,0,0,40,local,21454,2,41,43,ARP,46,IP,-1,-1,46,0.0000,0.0000,0,0.0000
2,58352,6,dairy,1,298,58352,-36.3725,144.889,165,9,3,2,0.0,1.0,0,0,-1,,-1,-1,-1,-1,,-1,,21,28,-1,0.0000,0.0000,0,0.0000
2,20977,2,beef intensive,1,45,20977,-36.2149,144.547,165,9,3,2,0.0,1.0,0,0,-1,,-1,-1,-1,-1,,-1,,22,29,-1,0.0000,0.0000,0,0.0000
2,20724,2,beef intensive,1,100,20724,-36.2817,144.901,165,9,3,2,0.0,1.0,0,0,-1,,-1,-1,-1,-1,,-1,,29,36,-1,0.0000,0.0000,0,0.0000
2,58357,6,dairy,1,357,58357,-36.362,144.901,165,9,3,2,0.0,1.0,0,0,6,local,64828,2,8,14,first detection,17,IP,-1,-1,17,0.0000,0.0000,0,0.0000
2,20726,2,beef intensive,1,52,20726,-36.3033,144.9,165,9,3,2,0.0,1.0,0,0,26,local,20743,2,27,34,SP,37,IP,22,29,37,0.0000,0.0000,0,0.0000
2,58359,6,dairy,1,212,58359,-36.3005,144.923,165,9,3,2,0.0,1.0,0,0,-1,,-1,-1,-1,-1,,-1,,24,31,-1,0.0000,0.0000,0,0.0000
2,20735,2,beef intensive,1,53,20735,-36.2918,144.924,165,9,3,2,0.0,1.0,0,0,-1,,-1,-1,-1,-1,,-1,,29,36,-1,0.0000,0.0000,0,0.0000
3,58370,6,dairy,1,420,58370,-36.1773,144.849,165,9,3,2,0.0,1.0,0,0,26,local,20770,2,27,34,SP,37,IP,25,32,37,0.0000,0.0000,0,0.0000
3,214273,5,mixed sheep,2,381,202133,-37.316,144.52,192,10,3,2,0.0,1.0,0,0,-1,,-1,-1,-1,-1,,-1,,29,37,-1,0.0000,0.0000,0,0.0000
3,214272,4,mixed beef,1,50,202133,-37.316,144.52,192,10,3,2,0.0,1.0,0,0,-1,,-1,-1,-1,-1,,-1,,29,37,-1,0.0000,0.0000,0,0.0000
3,58376,6,dairy,1,274,58376,-36.2009,144.881,165,9,3,2,0.0,1.0,0,0,-1,,-1,-1,-1,-1,,-1,,25,32,-1,0.0000,0.0000,0,0.0000
3,20489,2,beef intensive,1,135,20489,-36.8437,144.376,178,9,3,2,0.0,1.0,0,0,9,local,64821,2,10,18,SP,21,IP,-1,-1,21,0.0000,0.0000,0,0.0000
3,59401,6,dairy,1,278,59401,-35.9543,145.426,201,9,3,2,0.0,1.0,0,0,-1,,-1,-1,-1,-1,,-1,,27,34,-1,0.0000,0.0000,0,0.0000
3,64780,7,pigs small,3,458,64780,-37.351,144.528,192,10,3,2,0.0,0.8,0,0,18,indirect,64821,2,20,24,SP,26,IP,-1,-1,26,0.0000,0.0000,0,0.0000
3,58381,6,dairy,1,575,58381,-36.3676,144.943,165,9,3,2,0.0,1.0,0,0,-1,,-1,-1,-1,-1,,-1,,22,29,-1,0.0000,0.0000,0,0.0000
3,20750,2,beef intensive,1,150,20750,-36.1892,144.857,165,9,3,2,0.0,1.0,0,0,-1,,-1,-1,-1,-1,,-1,,25,32,-1,0.0000,0.0000,0,0.0000
3,58384,6,dairy,1,250,58384,-36.1668,144.879,165,9,3,2,0.0,1.0,0,0,26,local,20770,2,27,31,SP,34,IP,25,32,34,0.0000,0.0000,0,0.0000
3,59410,6,dairy,1,155,59410,-35.9948,145.425,201,9,3,2,0.0,1.0,0,0,-1,,-1,-1,-1,-1,,-1,,27,34,-1,0.0000,0.0000,0,0.0000
3,58393,6,dairy,1,377,58393,-36.3875,144.89,165,9,3,2,0.0,1.0,0,0,-1,,-1,-1,-1,-1,,-1,,24,31,-1,0.0000,0.0000,0,0.0000
3,20763,2,beef intensive,1,30,20763,-36.3759,144.858,165,9,3,2,0.0,1.0,0,0,-1,,-1,-1,-1,-1,,-1,,24,31,-1,0.0000,0.0000,0,0.0000
3,20770,2,beef intensive,1,144,20770,-36.1753,144.881,165,9,3,2,0.0,1.0,0,0,17,indirect,58357,2,18,24,SP,27,IP,-1,-1,27,0.0000,0.0000,0,0.0000
3,20773,2,beef intensive,1,113,20773,-36.3494,144.921,165,9,3,2,0.0,1.0,0,0,11,local,64828,2,12,21,SP,24,IP,-1,-1,24,0.0000,0.0000,0,0.0000
3,20774,2,beef intensive,1,150,20774,-36.3837,144.863,165,9,3,2,0.0,1.0,0,0,-1,,-1,-1,-1,-1,,-1,,24,31,-1,0.0000,0.0000,0,0.0000
3,81449,9,sheep,2,172,81449,-37.332,144.533,192,10,3,2,0.0,1.0,0,0,25,local,64780,2,30,28,ARP,30,IP,-1,-1,30,0.0000,0.0000,0,0.0000
3,58409,6,dairy,1,92,58409,-36.3257,144.935,165,9,3,2,0.0,1.0,0,0,-1,,-1,-1,-1,-1,,-1,,22,29,-1,0.0000,0.0000,0,0.0000
3,220970,5,mixed sheep,2,1383,206858,-36.4355,143.941,191,9,3,2,0.0,1.0,0,0,-1,,-1,-1,-1,-1,,-1,,21,28,-1,0.0000,0.0000,0,0.0000
3,30252,2,beef intensive,1,78,30252,-37.3702,144.542,192,10,3,2,0.0,1.0,0,0,24,local,64780,2,26,35,SP,38,IP,25,32,38,0.0000,0.0000,0,0.0000
3,64812,7,pigs small,3,364,64812,-36.19,143.581,191,9,3,2,0.0,0.8,0,0,5,direct,64828,2,6,18,SP,20,IP,-1,-1,20,0.0000,0.0000,0,0.0000
3,20783,2,beef intensive,1,145,20783,-36.1769,144.899,165,9,3,2,0.0,1.0,0,0,-1,,-1,-1,-1,-1,,-1,,25,32,-1,0.0000,0.0000,0,0.0000
3,59442,6,dairy,1,438,59442,-35.9709,145.421,201,9,3,2,0.0,1.0,0,0,-1,,-1,-1,-1,-1,,-1,,27,34,-1,0.0000,0.0000,0,0.0000
3,64821,7,pigs small,3,218,64821,-36.8475,144.356,178,9,3,2,0.0,0.8,0,0,2,indirect,64828,2,5,18,SP,20,IP,-1,-1,20,0.0000,0.0000,0,0.0000
3,30264,2,beef intensive,1,40,30264,-37.3334,144.563,192,10,3,2,0.0,1.0,0,0,-1,,-1,-1,-1,-1,,-1,,29,36,-1,0.0000,0.0000,0,0.0000
3,213816,4,mixed beef,1,80,201901,-36.4355,143.941,191,9,3,2,0.0,1.0,0,0,-1,,-1,-1,-1,-1,,-1,,21,28,-1,0.0000,0.0000,0,0.0000
3,64828,7,pigs small,3,497,64828,-36.3539,144.911,165,9,3,2,0.0,0.8,0,0,0,seeding,0,-1,1,22,DCP,24,IP,-1,-1,24,0.0000,0.0000,0,0.0000
3,30269,2,beef intensive,1,33,30269,-37.3503,144.534,192,10,3,2,0.0,1.0,0,0,-1,,-1,-1,-1,-1,,-1,,25,32,-1,0.0000,0.0000,0,0.0000
3,20798,2,beef intensive,1,50,20798,-36.1804,144.875,165,9,3,2,0.0,1.0,0,0,27,local,20770,2,28,34,SP,37,IP,25,32,37,0.0000,0.0000,0,0.0000
3,214851,5,mixed sheep,2,1103,202422,-35.9708,145.398,201,9,3,2,0.0,1.0,0,0,-1,,-1,-1,-1,-1,,-1,,27,35,-1,0.0000,0.0000,0,0.0000
3,214850,4,mixed beef,1,62,202422,-35.9708,145.398,201,9,3,2,0.0,1.0,0,0,-1,,-1,-1,-1,-1,,-1,,27,35,-1,0.0000,0.0000,0,0.0000
3,30275,2,beef intensive,1,79,30275,-37.3596,144.555,192,10,3,2,0.0,1.0,0,0,-1,,-1,-1,-1,-1,,-1,,25,32,-1,0.0000,0.0000,0,0.0000
3,59206,6,dairy,1,158,59206,-36.0011,145.395,201,9,3,2,0.0,1.0,0,0,-1,,-1,-1,-1,-1,,-1,,31,38,-1,0.0000,0.0000,0,0.0000
3,20807,2,beef intensive,1,90,20807,-36.3329,144.897,165,9,3,2,0.0,1.0,0,0,-1,,-1,-1,-1,-1,,-1,,22,29,-1,0.0000,0.0000,0,0.0000
3,58445,6,dairy,1,502,58445,-36.3275,144.918,165,9,3,2,0.0,1.0,0,0,-1,,-1,-1,-1,-1,,-1,,22,29,-1,0.0000,0.0000,0,0.0000
3,213837,5,mixed sheep,2,1630,201915,-36.4354,143.948,191,9,3,2,0.0,1.0,0,0,14,local,213836,2,17,19,SP,23,IP,-1,-1,23,0.0000,0.0000,0,0.0000
3,20559,2,beef intensive,1,36,20559,-36.1712,143.575,191,9,3,2,0.0,1.0,0,0,-1,,-1,-1,-1,-1,,-1,,21,28,-1,0.0000,0.0000,0,0.0000
3,213836,4,mixed beef,1,67,201915,-36.4354,143.948,191,9,3,2,0.0,1.0,0,0,10,direct,58357,2,11,19,SP,23,IP,-1,-1,23,0.0000,0.0000,0,0.0000
3,58448,6,dairy,1,184,58448,-36.3245,144.925,165,9,3,2,0.0,1.0,0,0,-1,,-1,-1,-1,-1,,-1,,22,29,-1,0.0000,0.0000,0,0.0000
3,30295,2,beef intensive,1,58,30295,-37.3528,144.549,192,10,3,2,0.0,1.0,0,0,-1,,-1,-1,-1,-1,,-1,,25,32,-1,0.0000,0.0000,0,0.0000
3,20827,2,beef intensive,1,113,20827,-36.3746,144.897,165,9,3,2,0.0,1.0,0,0,-1,,-1,-1,-1,-1,,-1,,23,30,-1,0.0000,0.0000,0,0.0000
3,214371,5,mixed sheep,2,567,202182,-36.1787,144.892,165,9,3,2,0.0,1.0,0,0,-1,,-1,-1,-1,-1,,-1,,25,33,-1,0.0000,0.0000,0,0.0000
3,214370,4,mixed beef,1,79,202182,-36.1787,144.892,165,9,3,2,0.0,1.0,0,0,-1,,-1,-1,-1,-1,,-1,,25,33,-1,0.0000,0.0000,0,0.0000
3,214373,5,mixed sheep,2,391,202183,-36.1669,144.883,165,9,3,2,0.0,1.0,0,0,-1,,-1,-1,-1,-1,,-1,,25,33,-1,0.0000,0.0000,0,0.0000
3,214372,4,mixed beef,1,42,202183,-36.1669,144.883,165,9,3,2,0.0,1.0,0,0,-1,,-1,-1,-1,-1,,-1,,25,33,-1,0.0000,0.0000,0,0.0000
3,58472,6,dairy,1,291,58472,-36.3815,144.911,165,9,3,2,0.0,1.0,0,0,-1,,-1,-1,-1,-1,,-1,,24,31,-1,0.0000,0.0000,0,0.0000
3,58479,6,dairy,1,429,58479,-36.167,144.879,165,9,3,2,0.0,1.0,0,0,-1,,-1,-1,-1,-1,,-1,,25,32,-1,0.0000,0.0000,0,0.0000
3,58486,6,dairy,1,510,58486,-36.3284,144.915,165,9,3,2,0.0,1.0,0,0,10,local,64828,2,11,14,first detection,17,IP,-1,-1,17,0.0000,0.0000,0,0.0000
3,20858,2,beef intensive,1,40,20858,-36.33,144.931,165,9,3,2,0.0,1.0,0,0,-1,,-1,-1,-1,-1,,-1,,22,29,-1,0.0000,0.0000,0,0.0000
3,20865,2,beef intensive,1,40,20865,-36.3478,144.895,165,9,3,2,0.0,1.0,0,0,-1,,-1,-1,-1,-1,,-1,,22,29,-1,0.0000,0.0000,0,0.0000
3,214409,5,mixed sheep,2,541,202201,-36.3196,144.48,165,9,3,2,0.0,1.0,0,0,24,local,214408,2,27,21,SP,25,IP,-1,-1,25,0.0000,0.0000,0,0.0000
3,214408,4,mixed beef,1,57,202201,-36.3196,144.48,165,9,3,2,0.0,1.0,0,0,13,indirect,58357,2,14,21,SP,25,IP,-1,-1,25,0.0000,0.0000,0,0.0000
3,58532,6,dairy,1,346,58532,-36.3703,144.86,165,9,3,2,0.0,1.0,0,0,-1,,-1,-1,-1,-1,,-1,,24,31,-1,0.0000,0.0000,0,0.0000
3,59563,6,dairy,1,82,59563,-37.3483,144.501,192,10,3,2,0.0,1.0,0,0,-1,,-1,-1,-1,-1,,-1,,25,32,-1,0.0000,0.0000,0,0.0000
3,59564,6,dairy,1,51,59564,-37.3645,144.508,192,10,3,2,0.0,1.0,0,0,-1,,-1,-1,-1,-1,,-1,,25,32,-1,0.0000,0.0000,0,0.0000
3,20909,2,beef intensive,1,104,20909,-36.3339,144.478,165,9,3,2,0.0,1.0,0,0,-1,,-1,-1,-1,-1,,-1,,22,29,-1,0.0000,0.0000,0,0.0000
3,80817,9,sheep,2,1152,80817,-36.8398,144.358,178,9,3,2,0.0,1.0,0,0,14,local,64821,2,17,26,ARP,28,IP,-1,-1,28,0.0000,0.0000,0,0.0000
3,220860,5,mixed sheep,2,1758,206748,-36.8279,144.379,178,9,3,2,0.0,1.0,0,0,-1,,-1,-1,-1,-1,,-1,,21,28,-1,0.0000,0.0000,0,0.0000
3,124097,10,smallholder,4,3,124097,-36.8457,144.372,178,9,3,2,0.0,1.0,0,0,10,local,64821,2,12,21,SP,23,IP,-1,-1,23,0.0000,0.0000,0,0.0000
3,213706,4,mixed beef,1,37,201791,-36.8279,144.379,178,9,3,2,0.0,1.0,0,0,-1,,-1,-1,-1,-1,,-1,,21,28,-1,0.0000,0.0000,0,0.0000
3,20689,2,beef intensive,1,96,20689,-36.3558,144.867,165,9,3,2,0.0,1.0,0,0,-1,,-1,-1,-1,-1,,-1,,24,31,-1,0.0000,0.0000,0,0.0000
3,58330,6,dairy,1,268,58330,-36.3692,144.887,165,9,3,2,0.0,1.0,0,0,15,local,58357,2,16,23,SP,26,IP,-1,-1,26,0.0000,0.0000,0,0.0000
3,58352,6,dairy,1,298,58352,-36.3725,144.889,165,9,3,2,0.0,1.0,0,0,21,local,58357,2,22,26,SP,29,IP,23,30,29,0.0000,0.0000,0,0.0000
3,115442,10,smallholder,4,6,115442,-35.9752,145.4,201,9,3,2,0.0,1.0,0,0,26,local,214780,2,28,30,ARP,32,IP,-1,-1,32,0.0000,0.0000,0,0.0000
3,214263,5,mixed sheep,2,247,202128,-37.3609,144.5,192,10,3,2,0.0,1.0,0,0,-1,,-1,-1,-1,-1,,-1,,25,33,-1,0.0000,0.0000,0,0.0000
3,58357,6,dairy,1,357,58357,-36.362,144.901,165,9,3,2,0.0,1.0,0,0,5,local,64828,2,6,24,DCP,27,IP,-1,-1,27,0.0000,0.0000,0,0.0000
3,214262,4,mixed beef,1,66,202128,-37.3609,144.5,192,10,3,2,0.0,1.0,0,0,-1,,-1,-1,-1,-1,,-1,,25,33,-1,0.0000,0.0000,0,0.0000
3,214779,5,mixed sheep,2,517,202386,-35.9599,145.388,201,9,3,2,0.0,1.0,0,0,-1,,-1,-1,-1,-1,,-1,,27,35,-1,0.0000,0.0000,0,0.0000
3,214778,4,mixed beef,1,48,202386,-35.9599,145.388,201,9,3,2,0.0,1.0,0,0,-1,,-1,-1,-1,-1,,-1,,27,35,-1,0.0000,0.0000,0,0.0000
3,214781,5,mixed sheep,2,300,202387,-35.9736,145.405,201,9,3,2,0.0,1.0,0,0,-1,,-1,-1,-1,26,SP,30,IP,-1,-1,30,0.0000,0.0000,0,0.0000
3,214780,4,mixed beef,1,79,202387,-35.9736,145.405,201,9,3,2,0.0,1.0,0,0,19,indirect,58357,2,20,26,SP,30,IP,-1,-1,30,0.0000,0.0000,0,0.0000
4,213763,4,mixed beef,1,66,201848,-36.0536,143.963,191,9,3,2,0.0,1.0,0,0,-1,,-1,-1,-1,-1,,-1,,23,30,-1,0.0000,0.0000,0,0.0000
4,220931,5,mixed sheep,2,1676,206819,-36.0464,143.956,191,9,3,2,0.0,1.0,0,0,-1,,-1,-1,-1,-1,,-1,,23,30,-1,0.0000,0.0000,0,0.0000
4,58881,6,dairy,1,548,58881,-36.5358,145.621,181,9,3,2,0.0,1.0,0,0,-1,,-1,-1,-1,-1,,-1,,25,32,-1,0.0000,0.0000,0,0.0000
4,214785,5,mixed sheep,2,734,202389,-36.1933,145.421,201,9,3,2,0.0,1.0,0,0,30,local,214784,2,32,31,SP,35,IP,23,31,35,0.0000,0.0000,0,0.0000
4,214784,4,mixed beef,1,75,202389,-36.1933,145.421,201,9,3,2,0.0,1.0,0,0,22,local,21566,2,23,31,SP,35,IP,23,31,35,0.0000,0.0000,0,0.0000
4,20740,2,beef intensive,1,45,20740,-36.333,144.952,165,9,3,2,0.0,1.0,0,0,-1,,-1,-1,-1,-1,,-1,,22,29,-1,0.0000,0.0000,0,0.0000
4,29956,2,beef intensive,1,108,29956,-35.9011,144.156,174,10,3,2,0.0,1.0,0,0,-1,,-1,-1,-1,-1,,-1,,22,29,-1,0.0000,0.0000,0,0.0000
4,58373,6,dairy,1,346,58373,-36.3957,144.928,165,9,3,2,0.0,1.0,0,0,-1,,-1,-1,-1,-1,,-1,,21,28,-1,0.0000,0.0000,0,0.0000
4,20743,2,beef intensive,1,61,20743,-36.3129,144.904,165,9,3,2,0.0,1.0,0,0,24,local,58448,2,26,28,ARP,31,IP,22,29,31,0.0000,0.0000,0,0.0000
4,58375,6,dairy,1,122,58375,-36.3416,144.878,165,9,3,2,0.0,1.0,0,0,-1,,-1,-1,-1,-1,,-1,,21,28,-1,0.0000,0.0000,0,0.0000
4,21513,2,beef intensive,1,62,21513,-36.1727,145.417,201,9,3,2,0.0,1.0,0,0,-1,,-1,-1,-1,-1,,-1,,23,30,-1,0.0000,0.0000,0,0.0000
4,58635,6,dairy,1,418,58635,-36.0499,144.573,165,9,3,2,0.0,1.0,0,0,-1,,-1,-1,-1,-1,,-1,,28,35,-1,0.0000,0.0000,0,0.0000
4,29965,2,beef intensive,1,52,29965,-35.8936,144.176,174,10,3,2,0.0,1.0,0,0,-1,,-1,-1,-1,-1,,-1,,22,29,-1,0.0000,0.0000,0,0.0000
4,58381,6,dairy,1,575,58381,-36.3676,144.943,165,9,3,2,0.0,1.0,0,0,-1,,-1,-1,-1,-1,,-1,,21,28,-1,0.0000,0.0000,0,0.0000
4,20753,2,beef intensive,1,48,20753,-36.33,144.873,165,9,3,2,0.0,1.0,0,0,-1,,-1,-1,-1,-1,,-1,,22,29,-1,0.0000,0.0000,0,0.0000
4,213777,4,mixed beef,1,122,201862,-36.0464,143.956,191,9,3,2,0.0,1.0,0,0,31,local,220917,2,34,39,SP,42,IP,23,30,42,0.0000,0.0000,0,0.0000
4,58900,6,dairy,1,457,58900,-36.5149,145.619,181,9,3,2,0.0,1.0,0,0,-1,,-1,-1,-1,-1,,-1,,25,32,-1,0.0000,0.0000,0,0.0000
4,214555,5,mixed sheep,2,556,202274,-36.5314,145.606,181,9,3,2,0.0,1.0,0,0,-1,,-1,-1,-1,24,SP,28,IP,-1,-1,28,0.0000,0.0000,0,0.0000
4,58393,6,dairy,1,377,58393,-36.3875,144.89,165,9,3,2,0.0,1.0,0,0,-1,,-1,-1,-1,-1,,-1,,21,28,-1,0.0000,0.0000,0,0.0000
4,214554,4,mixed beef,1,61,202274,-36.5314,145.606,181,9,3,2,0.0,1.0,0,0,15,local,21122,2,16,24,SP,28,IP,-1,-1,28,0.0000,0.0000,0,0.0000
4,20763,2,beef intensive,1,30,20763,-36.3759,144.858,165,9,3,2,0.0,1.0,0,0,-1,,-1,-1,-1,-1,,-1,,24,31,-1,0.0000,0.0000,0,0.0000
4,20767,2,beef intensive,1,72,20767,-36.3093,144.915,165,9,3,2,0.0,1.0,0,0,-1,,-1,-1,-1,-1,,-1,,22,29,-1,0.0000,0.0000,0,0.0000
4,20773,2,beef intensive,1,113,20773,-36.3494,144.921,165,9,3,2,0.0,1.0,0,0,20,local,58486,2,21,22,SP,25,IP,-1,-1,25,0.0000,0.0000,0,0.0000
4,20774,2,beef intensive,1,150,20774,-36.3837,144.863,165,9,3,2,0.0,1.0,0,0,-1,,-1,-1,-1,-1,,-1,,24,31,-1,0.0000,0.0000,0,0.0000
4,20775,2,beef intensive,1,71,20775,-36.3089,144.907,165,9,3,2,0.0,1.0,0,0,27,local,58445,2,29,28,ARP,31,IP,22,29,31,0.0000,0.0000,0,0.0000
4,20777,2,beef intensive,1,58,20777,-36.4001,144.916,165,9,3,2,0.0,1.0,0,0,-1,,-1,-1,-1,-1,,-1,,22,29,-1,0.0000,0.0000,0,0.0000
4,58409,6,dairy,1,92,58409,-36.3257,144.935,165,9,3,2,0.0,1.0,0,0,-1,,-1,-1,-1,-1,,-1,,21,28,-1,0.0000,0.0000,0,0.0000
4,20790,2,beef intensive,1,103,20790,-36.3372,144.875,165,9,3,2,0.0,1.0,0,0,-1,,-1,-1,-1,-1,,-1,,22,29,-1,0.0000,0.0000,0,0.0000
4,59446,6,dairy,1,559,59446,-36.1946,145.427,201,9,3,2,0.0,1.0,0,0,20,local,21566,2,21,28,SP,31,IP,23,30,31,0.0000,0.0000,0,0.0000
4,58423,6,dairy,1,298,58423,-36.3478,144.956,165,9,3,2,0.0,1.0,0,0,-1,,-1,-1,-1,-1,,-1,,21,28,-1,0.0000,0.0000,0,0.0000
4,64828,7,pigs small,3,497,64828,-36.3539,144.911,165,9,3,2,0.0,0.8,0,0,0,seeding,0,-1,1,14,first detection,16,IP,-1,-1,16,0.0000,0.0000,0,0.0000
4,21566,2,beef intensive,1,159,21566,-36.1963,145.415,201,9,3,2,0.0,1.0,0,0,13,saleyard,58486,2,14,22,SP,25,IP,-1,-1,25,0.0000,0.0000,0,0.0000
4,21060,2,beef intensive,1,73,21060,-36.5686,144.679,165,9,3,2,0.0,1.0,0,0,-1,,-1,-1,-1,-1,,-1,,23,30,-1,0.0000,0.0000,0,0.0000
4,20807,2,beef intensive,1,90,20807,-36.3329,144.897,165,9,3,2,0.0,1.0,0,0,-1,,-1,-1,-1,-1,,-1,,25,32,-1,0.0000,0.0000,0,0.0000
4,21067,2,beef intensive,1,42,21067,-36.5729,144.689,165,9,3,2,0.0,1.0,0,0,-1,,-1,-1,-1,-1,,-1,,23,30,-1,0.0000,0.0000,0,0.0000
4,58445,6,dairy,1,502,58445,-36.3275,144.918,165,9,3,2,0.0,1.0,0,0,17,local,58486,2,18,25,SP,28,IP,21,28,28,0.0000,0.0000,0,0.0000
4,58447,6,dairy,1,215,58447,-36.3243,144.906,165,9,3,2,0.0,1.0,0,0,27,local,58448,2,28,35,SP,38,IP,21,28,38,0.0000,0.0000,0,0.0000
4,58448,6,dairy,1,184,58448,-36.3245,144.925,165,9,3,2,0.0,1.0,0,0,15,local,58486,2,16,24,SP,27,IP,-1,-1,27,0.0000,0.0000,0,0.0000
4,20819,2,beef intensive,1,62,20819,-36.3779,144.942,165,9,3,2,0.0,1.0,0,0,-1,,-1,-1,-1,-1,,-1,,22,29,-1,0.0000,0.0000,0,0.0000
4,58455,6,dairy,1,237,58455,-36.3047,144.921,165,9,3,2,0.0,1.0,0,0,-1,,-1,-1,-1,-1,,-1,,25,32,-1,0.0000,0.0000,0,0.0000
4,20827,2,beef intensive,1,113,20827,-36.3746,144.897,165,9,3,2,0.0,1.0,0,0,-1,,-1,-1,-1,-1,,-1,,28,35,-1,0.0000,0.0000,0,0.0000
4,20829,2,beef intensive,1,31,20829,-36.3323,144.96,165,9,3,2,0.0,1.0,0,0,-1,,-1,-1,-1,-1,,-1,,22,29,-1,0.0000,0.0000,0,0.0000
4,58721,6,dairy,1,454,58721,-36.0782,144.54,165,9,3,2,0.0,1.0,0,0,29,local,20918,2,30,37,SP,40,IP,28,35,40,0.0000,0.0000,0,0.0000
4,214625,5,mixed sheep,2,477,202309,-36.5523,145.583,181,9,3,2,0.0,1.0,0,0,-1,,-1,-1,-1,-1,,-1,,22,30,-1,0.0000,0.0000,0,0.0000
4,58723,6,dairy,1,355,58723,-36.0602,144.523,165,9,3,2,0.0,1.0,0,0,-1,,-1,-1,-1,-1,,-1,,28,35,-1,0.0000,0.0000,0,0.0000
4,214624,4,mixed beef,1,81,202309,-36.5523,145.583,181,9,3,2,0.0,1.0,0,0,-1,,-1,-1,-1,-1,,-1,,22,30,-1,0.0000,0.0000,0,0.0000
4,21095,2,beef intensive,1,169,21095,-36.558,144.687,165,9,3,2,0.0,1.0,0,0,13,indirect,58357,2,14,22,SP,25,IP,-1,-1,25,0.0000,0.0000,0,0.0000
4,58471,6,dairy,1,365,58471,-36.3182,144.887,165,9,3,2,0.0,1.0,0,0,-1,,-1,-1,-1,-1,,-1,,21,28,-1,0.0000,0.0000,0,0.0000
4,22376,2,beef intensive,1,174,22376,-37.2428,145.935,209,8,3,2,0.0,1.0,0,0,15,direct,58357,2,16,20,SP,23,IP,-1,-1,23,0.0000,0.0000,0,0.0000
4,58472,6,dairy,1,291,58472,-36.3815,144.911,165,9,3,2,0.0,1.0,0,0,13,local,127637,2,14,20,SP,23,IP,-1,-1,23,0.0000,0.0000,0,0.0000
4,59752,6,dairy,1,58,59752,-35.902,144.17,174,10,3,2,0.0,1.0,0,0,-1,,-1,-1,-1,-1,,-1,,21,28,-1,0.0000,0.0000,0,0.0000
4,22379,2,beef intensive,1,79,22379,-37.2436,145.913,209,8,3,2,0.0,1.0,0,0,-1,,-1,-1,-1,-1,,-1,,22,29,-1,0.0000,0.0000,0,0.0000
4,112749,10,smallholder,4,6,112749,-36.3802,144.913,165,9,3,2,0.0,1.0,0,0,5,local,64828,2,7,18,SP,22,IP,-1,-1,22,0.0000,0.0000,0,0.0000
4,58480,6,dairy,1,441,58480,-36.3164,144.949,165,9,3,2,0.0,1.0,0,0,26,local,58448,2,27,33,SP,36,IP,21,28,36,0.0000,0.0000,0,0.0000
4,29814,2,beef intensive,1,41,29814,-35.911,144.17,174,10,3,2,0.0,1.0,0,0,-1,,-1,-1,-1,-1,,-1,,22,29,-1,0.0000,0.0000,0,0.0000
4,58486,6,dairy,1,510,58486,-36.3284,144.915,165,9,3,2,0.0,1.0,0,0,5,local,64828,2,6,18,ARP,21,IP,-1,-1,21,0.0000,0.0000,0,0.0000
4,21111,2,beef intensive,1,176,21111,-36.5507,145.628,181,9,3,2,0.0,1.0,0,0,-1,,-1,-1,-1,-1,,-1,,25,32,-1,0.0000,0.0000,0,0.0000
4,20858,2,beef intensive,1,40,20858,-36.33,144.931,165,9,3,2,0.0,1.0,0,0,-1,,-1,-1,-1,-1,,-1,,22,29,-1,0.0000,0.0000,0,0.0000
4,20861,2,beef intensive,1,30,20861,-36.33,144.952,165,9,3,2,0.0,1.0,0,0,-1,,-1,-1,-1,-1,,-1,,22,29,-1,0.0000,0.0000,0,0.0000
4,21629,2,beef intensive,1,84,21629,-36.1935,145.412,201,9,3,2,0.0,1.0,0,0,21,local,21566,2,23,29,SP,32,IP,23,30,32,0.0000,0.0000,0,0.0000
4,58494,6,dairy,1,383,58494,-36.3246,144.903,165,9,3,2,0.0,1.0,0,0,20,local,58486,2,21,25,SP,28,IP,21,28,28,0.0000,0.0000,0,0.0000
4,20865,2,beef intensive,1,40,20865,-36.3478,144.895,165,9,3,2,0.0,1.0,0,0,10,local,64828,2,11,18,SP,21,IP,-1,-1,21,0.0000,0.0000,0,0.0000
4,21122,2,beef intensive,1,61,21122,-36.5287,145.574,181,9,3,2,0.0,1.0,0,0,13,saleyard,58486,2,14,20,SP,23,IP,-1,-1,23,0.0000,0.0000,0,0.0000
4,58756,6,dairy,1,101,58756,-36.5418,144.673,165,9,3,2,0.0,1.0,0,0,-1,,-1,-1,-1,-1,,-1,,23,30,-1,0.0000,0.0000,0,0.0000
4,21126,2,beef intensive,1,68,21126,-36.202,145.439,181,9,3,2,0.0,1.0,0,0,-1,,-1,-1,-1,-1,,-1,,23,30,-1,0.0000,0.0000,0,0.0000
4,21127,2,beef intensive,1,149,21127,-36.5415,145.62,181,9,3,2,0.0,1.0,0,0,-1,,-1,-1,-1,-1,,-1,,25,32,-1,0.0000,0.0000,0,0.0000
4,59271,6,dairy,1,316,59271,-36.1947,145.448,201,9,3,2,0.0,1.0,0,0,-1,,-1,-1,-1,-1,,-1,,23,30,-1,0.0000,0.0000,0,0.0000
4,59274,6,dairy,1,481,59274,-36.1827,145.426,201,9,3,2,0.0,1.0,0,0,-1,,-1,-1,-1,-1,,-1,,23,30,-1,0.0000,0.0000,0,0.0000
4,30351,2,beef intensive,1,81,30351,-36.9931,144.806,200,10,3,2,0.0,1.0,0,0,-1,,-1,-1,-1,-1,,-1,,29,36,-1,0.0000,0.0000,0,0.0000
4,30354,2,beef intensive,1,54,30354,-36.9819,144.776,200,10,3,2,0.0,1.0,0,0,22,indirect,58445,2,23,28,SP,31,IP,-1,-1,31,0.0000,0.0000,0,0.0000
4,127637,10,smallholder,4,8,127637,-36.3713,144.91,165,9,3,2,0.0,1.0,0,0,8,local,64828,2,10,18,SP,21,IP,-1,-1,21,0.0000,0.0000,0,0.0000
4,29852,2,beef intensive,1,111,29852,-35.8887,144.211,174,10,3,2,0.0,1.0,0,0,-1,,-1,-1,-1,-1,,-1,,22,29,-1,0.0000,0.0000,0,0.0000
4,21151,2,beef intensive,1,126,21151,-36.2041,145.424,181,9,3,2,0.0,1.0,0,0,22,local,21566,2,23,31,SP,34,IP,23,30,34,0.0000,0.0000,0,0.0000
4,58532,6,dairy,1,346,58532,-36.3703,144.86,165,9,3,2,0.0,1.0,0,0,27,local,20689,2,28,34,SP,37,IP,24,31,37,0.0000,0.0000,0,0.0000
4,21162,2,beef intensive,1,140,21162,-36.5149,145.57,181,9,3,2,0.0,1.0,0,0,-1,,-1,-1,-1,-1,,-1,,22,29,-1,0.0000,0.0000,0,0.0000
4,21166,2,beef intensive,1,39,21166,-36.5157,145.602,181,9,3,2,0.0,1.0,0,0,-1,,-1,-1,-1,-1,,-1,,22,29,-1,0.0000,0.0000,0,0.0000
4,21169,2,beef intensive,1,127,21169,-36.5228,145.557,181,9,3,2,0.0,1.0,0,0,-1,,-1,-1,-1,-1,,-1,,22,29,-1,0.0000,0.0000,0,0.0000
4,20916,2,beef intensive,1,73,20916,-36.0599,144.56,165,9,3,2,0.0,1.0,0,0,-1,,-1,-1,-1,-1,,-1,,28,35,-1,0.0000,0.0000,0,0.0000
4,20918,2,beef intensive,1,69,20918,-36.0641,144.554,165,9,3,2,0.0,1.0,0,0,20,indirect,213745,2,21,27,SP,30,IP,-1,-1,30,0.0000,0.0000,0,0.0000
4,21178,2,beef intensive,1,77,21178,-36.2112,145.432,181,9,3,2,0.0,1.0,0,0,-1,,-1,-1,-1,-1,,-1,,23,30,-1,0.0000,0.0000,0,0.0000
4,59578,6,dairy,1,429,59578,-35.9114,144.154,174,10,3,2,0.0,1.0,0,0,-1,,-1,-1,-1,-1,,-1,,21,28,-1,0.0000,0.0000,0,0.0000
4,127685,10,smallholder,4,5,127685,-36.3398,144.936,165,9,3,2,0.0,1.0,0,0,10,local,64828,2,12,18,SP,23,IP,-1,-1,23,0.0000,0.0000,0,0.0000
4,29904,2,beef intensive,1,55,29904,-35.9013,144.183,174,10,3,2,0.0,1.0,0,0,13,saleyard,58486,2,14,20,SP,23,IP,-1,-1,23,0.0000,0.0000,0,0.0000
4,20689,2,beef intensive,1,96,20689,-36.3558,144.867,165,9,3,2,0.0,1.0,0,0,23,local,58330,2,24,28,SP,31,IP,22,29,31,0.0000,0.0000,0,0.0000
4,21209,2,beef intensive,1,196,21209,-36.2216,145.404,181,9,3,2,0.0,1.0,0,0,-1,,-1,-1,-1,-1,,-1,,23,30,-1,0.0000,0.0000,0,0.0000
4,58330,6,dairy,1,268,58330,-36.3692,144.887,165,9,3,2,0.0,1.0,0,0,15,local,64828,2,16,23,SP,26,IP,-1,-1,26,0.0000,0.0000,0,0.0000
4,21212,2,beef intensive,1,38,21212,-36.5245,145.553,181,9,3,2,0.0,1.0,0,0,-1,,-1,-1,-1,-1,,-1,,22,29,-1,0.0000,0.0000,0,0.0000
4,220899,5,mixed sheep,2,1673,206787,-36.0687,143.954,191,9,3,2,0.0,1.0,0,0,17,local,213745,2,20,28,SP,30,IP,23,30,30,0.0000,0.0000,0,0.0000
4,58339,6,dairy,1,486,58339,-36.333,144.869,165,9,3,2,0.0,1.0,0,0,26,local,20689,2,28,33,SP,36,IP,21,28,36,0.0000,0.0000,0,0.0000
4,58349,6,dairy,1,336,58349,-36.381,144.928,165,9,3,2,0.0,1.0,0,0,-1,,-1,-1,-1,-1,,-1,,21,28,-1,0.0000,0.0000,0,0.0000
4,58352,6,dairy,1,298,58352,-36.3725,144.889,165,9,3,2,0.0,1.0,0,0,23,local,58472,2,24,26,ARP,29,IP,24,31,29,0.0000,0.0000,0,0.0000
4,122099,10,smallholder,4,10,122099,-36.3748,144.887,165,9,3,2,0.0,1.0,0,0,20,local,58357,2,22,27,SP,29,IP,-1,-1,29,0.0000,0.0000,0,0.0000
4,213745,4,mixed beef,1,80,201830,-36.0687,143.954,191,9,3,2,0.0,1.0,0,0,13,saleyard,58486,2,14,22,SP,25,IP,-1,-1,25,0.0000,0.0000,0,0.0000
4,58611,6,dairy,1,246,58611,-36.055,144.552,165,9,3,2,0.0,1.0,0,0,-1,,-1,-1,-1,-1,,-1,,28,35,-1,0.0000,0.0000,0,0.0000
4,58357,6,dairy,1,357,58357,-36.362,144.901,165,9,3,2,0.0,1.0,0,0,8,local,64828,2,9,18,SP,21,IP,-1,-1,21,0.0000,0.0000,0,0.0000
4,220917,5,mixed sheep,2,1874,206805,-36.0536,143.963,191,9,3,2,0.0,1.0,0,0,17,local,213745,2,25,34,SP,36,IP,23,30,36,0.0000,0.0000,0,0.0000
4,58359,6,dairy,1,212,58359,-36.3005,144.923,165,9,3,2,0.0,1.0,0,0,-1,,-1,-1,-1,-1,,-1,,25,32,-1,0.0000,0.0000,0,0.0000
4,20987,2,beef intensive,1,47,20987,-36.0531,144.535,165,9,3,2,0.0,1.0,0,0,-1,,-1,-1,-1,-1,,-1,,28,35,-1,0.0000,0.0000,0,0.0000
5,58375,6,dairy,1,122,58375,-36.3416,144.878,165,9,3,2,0.0,1.0,0,0,-1,,-1,-1,-1,-1,,-1,,21,28,-1,0.0000,0.0000,0,0.0000
5,20746,2,beef intensive,1,36,20746,-36.3391,144.857,165,9,3,2,0.0,1.0,0,0,-1,,-1,-1,-1,-1,,-1,,22,29,-1,0.0000,0.0000,0,0.0000
5,58381,6,dairy,1,575,58381,-36.3676,144.943,165,9,3,2,0.0,1.0,0,0,-1,,-1,-1,-1,-1,,-1,,26,33,-1,0.0000,0.0000,0,0.0000
5,20752,2,beef intensive,1,130,20752,-36.3284,144.848,165,9,3,2,0.0,1.0,0,0,-1,,-1,-1,-1,-1,,-1,,22,29,-1,0.0000,0.0000,0,0.0000
5,20753,2,beef intensive,1,48,20753,-36.33,144.873,165,9,3,2,0.0,1.0,0,0,-1,,-1,-1,-1,-1,,-1,,22,29,-1,0.0000,0.0000,0,0.0000
5,214289,5,mixed sheep,2,344,202141,-36.3183,145.433,181,9,3,2,0.0,1.0,0,0,-1,,-1,-1,-1,-1,,-1,,24,32,-1,0.0000,0.0000,0,0.0000
5,59155,6,dairy,1,228,59155,-35.9888,145.563,201,9,3,2,0.0,1.0,0,0,-1,,-1,-1,-1,-1,,-1,,23,30,-1,0.0000,0.0000,0,0.0000
5,214288,4,mixed beef,1,135,202141,-36.3183,145.433,181,9,3,2,0.0,1.0,0,0,-1,,-1,-1,-1,-1,,-1,,24,32,-1,0.0000,0.0000,0,0.0000
5,214295,5,mixed sheep,2,457,202144,-36.3526,145.437,181,9,3,2,0.0,1.0,0,0,-1,,-1,-1,-1,-1,,-1,,24,32,-1,0.0000,0.0000,0,0.0000
5,215063,5,mixed sheep,2,1018,202528,-36.7386,146.095,161,9,3,2,0.0,1.0,0,0,-1,,-1,-1,-1,-1,,-1,,23,31,-1,0.0000,0.0000,0,0.0000
5,214294,4,mixed beef,1,61,202144,-36.3526,145.437,181,9,3,2,0.0,1.0,0,0,-1,,-1,-1,-1,-1,,-1,,24,32,-1,0.0000,0.0000,0,0.0000
5,215062,4,mixed beef,1,54,202528,-36.7386,146.095,161,9,3,2,0.0,1.0,0,0,-1,,-1,-1,-1,-1,,-1,,23,31,-1,0.0000,0.0000,0,0.0000
5,58393,6,dairy,1,377,58393,-36.3875,144.89,165,9,3,2,0.0,1.0,0,0,31,local,20827,2,32,37,SP,40,IP,21,28,40,0.0000,0.0000,0,0.0000
5,20763,2,beef intensive,1,30,20763,-36.3759,144.858,165,9,3,2,0.0,1.0,0,0,-1,,-1,-1,-1,-1,,-1,,21,28,-1,0.0000,0.0000,0,0.0000
5,21789,2,beef intensive,1,121,21789,-36.7452,146.125,161,9,3,2,0.0,1.0,0,0,15,saleyard,58330,2,17,22,SP,25,IP,-1,-1,25,0.0000,0.0000,0,0.0000
5,214301,5,mixed sheep,2,259,202147,-36.3002,145.426,181,9,3,2,0.0,1.0,0,0,-1,,-1,-1,-1,-1,,-1,,24,32,-1,0.0000,0.0000,0,0.0000
5,214300,4,mixed beef,1,72,202147,-36.3002,145.426,181,9,3,2,0.0,1.0,0,0,-1,,-1,-1,-1,-1,,-1,,24,32,-1,0.0000,0.0000,0,0.0000
5,21538,2,beef intensive,1,110,21538,-35.9977,145.589,201,9,3,2,0.0,1.0,0,0,-1,,-1,-1,-1,-1,,-1,,23,30,-1,0.0000,0.0000,0,0.0000
5,20773,2,beef intensive,1,113,20773,-36.3494,144.921,165,9,3,2,0.0,1.0,0,0,4,local,64828,2,5,22,ARP,25,IP,22,-1,25,0.0000,0.0000,0,0.0000
5,20774,2,beef intensive,1,150,20774,-36.3837,144.863,165,9,3,2,0.0,1.0,0,0,-1,,-1,-1,-1,-1,,-1,,21,28,-1,0.0000,0.0000,0,0.0000
5,58918,6,dairy,1,91,58918,-36.5235,145.185,181,9,3,2,0.0,1.0,0,0,-1,,-1,-1,-1,-1,,-1,,24,31,-1,0.0000,0.0000,0,0.0000
5,20779,2,beef intensive,1,88,20779,-36.3332,144.859,165,9,3,2,0.0,1.0,0,0,-1,,-1,-1,-1,-1,,-1,,22,29,-1,0.0000,0.0000,0,0.0000
5,21291,2,beef intensive,1,87,21291,-36.5408,145.176,181,9,3,2,0.0,1.0,0,0,-1,,-1,-1,-1,-1,,-1,,24,31,-1,0.0000,0.0000,0,0.0000
5,21295,2,beef intensive,1,46,21295,-36.5122,145.178,181,9,3,2,0.0,1.0,0,0,-1,,-1,-1,-1,-1,,-1,,24,31,-1,0.0000,0.0000,0,0.0000
5,20785,2,beef intensive,1,133,20785,-36.3107,144.876,165,9,3,2,0.0,1.0,0,0,-1,,-1,-1,-1,-1,,-1,,21,28,-1,0.0000,0.0000,0,0.0000
5,20790,2,beef intensive,1,103,20790,-36.3372,144.875,165,9,3,2,0.0,1.0,0,0,14,local,20865,2,15,20,SP,23,IP,-1,-1,23,0.0000,0.0000,0,0.0000
5,214325,5,mixed sheep,2,428,202159,-36.3521,145.416,181,9,3,2,0.0,1.0,0,0,-1,,-1,-1,-1,-1,,-1,,36,44,-1,0.0000,0.0000,0,0.0000
5,214324,4,mixed beef,1,81,202159,-36.3521,145.416,181,9,3,2,0.0,1.0,0,0,-1,,-1,-1,-1,-1,,-1,,36,44,-1,0.0000,0.0000,0,0.0000
5,59196,6,dairy,1,240,59196,-35.9825,145.56,201,9,3,2,0.0,1.0,0,0,-1,,-1,-1,-1,-1,,-1,,23,30,-1,0.0000,0.0000,0,0.0000
5,64828,7,pigs small,3,497,64828,-36.3539,144.911,165,9,3,2,0.0,0.8,0,0,0,seeding,0,-1,1,22,ARP,24,IP,-1,-1,24,0.0000,0.0000,0,0.0000
5,58943,6,dairy,1,256,58943,-36.5289,145.177,181,9,3,2,0.0,1.0,0,0,-1,,-1,-1,-1,-1,,-1,,24,31,-1,0.0000,0.0000,0,0.0000
5,58435,6,dairy,1,460,58435,-36.3441,144.859,165,9,3,2,0.0,1.0,0,0,-1,,-1,-1,-1,-1,,-1,,21,28,-1,0.0000,0.0000,0,0.0000
5,20807,2,beef intensive,1,90,20807,-36.3329,144.897,165,9,3,2,0.0,1.0,0,0,-1,,-1,-1,-1,-1,,-1,,22,29,-1,0.0000,0.0000,0,0.0000
5,81481,9,sheep,2,994,81481,-36.3769,144.89,165,9,3,2,0.0,1.0,0,0,21,local,58330,2,26,25,ARP,27,IP,-1,-1,27,0.0000,0.0000,0,0.0000
5,214345,5,mixed sheep,2,382,202169,-36.3189,144.857,165,9,3,2,0.0,1.0,0,0,-1,,-1,-1,-1,-1,,-1,,22,30,-1,0.0000,0.0000,0,0.0000
5,214344,4,mixed beef,1,59,202169,-36.3189,144.857,165,9,3,2,0.0,1.0,0,0,-1,,-1,-1,-1,-1,,-1,,22,30,-1,0.0000,0.0000,0,0.0000
5,21324,2,beef intensive,1,127,21324,-36.5279,145.197,181,9,3,2,0.0,1.0,0,0,-1,,-1,-1,-1,-1,,-1,,24,31,-1,0.0000,0.0000,0,0.0000
5,58447,6,dairy,1,215,58447,-36.3243,144.906,165,9,3,2,0.0,1.0,0,0,21,local,20865,2,22,22,ARP,25,IP,21,-1,25,0.0000,0.0000,0,0.0000
5,58959,6,dairy,1,404,58959,-36.5522,145.201,181,9,3,2,0.0,1.0,0,0,-1,,-1,-1,-1,-1,,-1,,24,31,-1,0.0000,0.0000,0,0.0000
5,20819,2,beef intensive,1,62,20819,-36.3779,144.942,165,9,3,2,0.0,1.0,0,0,-1,,-1,-1,-1,-1,,-1,,26,33,-1,0.0000,0.0000,0,0.0000
5,20827,2,beef intensive,1,113,20827,-36.3746,144.897,165,9,3,2,0.0,1.0,0,0,24,local,64828,2,25,32,SP,35,IP,22,29,35,0.0000,0.0000,0,0.0000
5,59228,6,dairy,1,120,59228,-35.9873,145.564,201,9,3,2,0.0,1.0,0,0,-1,,-1,-1,-1,-1,,-1,,23,30,-1,0.0000,0.0000,0,0.0000
5,21349,2,beef intensive,1,82,21349,-36.5332,145.197,181,9,3,2,0.0,1.0,0,0,15,saleyard,58330,2,17,23,DCP,26,IP,-1,-1,26,0.0000,0.0000,0,0.0000
5,58471,6,dairy,1,365,58471,-36.3182,144.887,165,9,3,2,0.0,1.0,0,0,-1,,-1,-1,-1,-1,,-1,,21,28,-1,0.0000,0.0000,0,0.0000
5,58472,6,dairy,1,291,58472,-36.3815,144.911,165,9,3,2,0.0,1.0,0,0,-1,,-1,-1,-1,-1,,-1,,21,28,-1,0.0000,0.0000,0,0.0000
5,21621,2,beef intensive,1,116,21621,-35.9893,145.577,201,9,3,2,0.0,1.0,0,0,-1,,-1,-1,-1,-1,,-1,,23,30,-1,0.0000,0.0000,0,0.0000
5,58997,6,dairy,1,168,58997,-36.5309,145.212,181,9,3,2,0.0,1.0,0,0,-1,,-1,-1,-1,-1,,-1,,24,31,-1,0.0000,0.0000,0,0.0000
5,21366,2,beef intensive,1,49,21366,-36.5577,145.202,181,9,3,2,0.0,1.0,0,0,-1,,-1,-1,-1,-1,,-1,,24,31,-1,0.0000,0.0000,0,0.0000
5,58486,6,dairy,1,510,58486,-36.3284,144.915,165,9,3,2,0.0,1.0,0,0,-1,,-1,-1,-1,-1,,-1,,21,28,-1,0.0000,0.0000,0,0.0000
5,21367,2,beef intensive,1,94,21367,-36.5398,145.171,181,9,3,2,0.0,1.0,0,0,-1,,-1,-1,-1,-1,,-1,,24,31,-1,0.0000,0.0000,0,0.0000
5,20604,2,beef intensive,1,54,20604,-36.326,145.435,181,9,3,2,0.0,1.0,0,0,15,saleyard,58330,2,17,23,DCP,26,IP,-1,-1,26,0.0000,0.0000,0,0.0000
5,58494,6,dairy,1,383,58494,-36.3246,144.903,165,9,3,2,0.0,1.0,0,0,-1,,-1,-1,-1,-1,,-1,,21,28,-1,0.0000,0.0000,0,0.0000
5,20865,2,beef intensive,1,40,20865,-36.3478,144.895,165,9,3,2,0.0,1.0,0,0,8,local,64828,2,10,18,SP,21,IP,-1,-1,21,0.0000,0.0000,0,0.0000
5,21634,2,beef intensive,1,110,21634,-35.9855,145.575,201,9,3,2,0.0,1.0,0,0,15,saleyard,58330,2,16,22,SP,25,IP,-1,-1,25,0.0000,0.0000,0,0.0000
5,21379,2,beef intensive,1,31,21379,-36.5419,145.167,181,9,3,2,0.0,1.0,0,0,-1,,-1,-1,-1,-1,,-1,,24,31,-1,0.0000,0.0000,0,0.0000
5,117381,10,smallholder,4,6,117381,-36.3372,145.43,181,9,3,2,0.0,1.0,0,0,31,local,20648,2,34,35,ARP,37,IP,-1,-1,37,0.0000,0.0000,0,0.0000
5,20618,2,beef intensive,1,44,20618,-36.3093,145.424,181,9,3,2,0.0,1.0,0,0,-1,,-1,-1,-1,-1,,-1,,24,31,-1,0.0000,0.0000,0,0.0000
5,59022,6,dairy,1,421,59022,-36.5275,145.172,181,9,3,2,0.0,1.0,0,0,-1,,-1,-1,-1,-1,,-1,,24,31,-1,0.0000,0.0000,0,0.0000
5,127637,10,smallholder,4,8,127637,-36.3713,144.91,165,9,3,2,0.0,1.0,0,0,21,local,58357,2,23,25,ARP,27,IP,-1,-1,27,0.0000,0.0000,0,0.0000
5,21661,2,beef intensive,1,132,21661,-35.9783,145.59,201,9,3,2,0.0,1.0,0,0,25,local,21634,2,26,31,SP,34,IP,23,30,34,0.0000,0.0000,0,0.0000
5,20642,2,beef intensive,1,32,20642,-36.3577,145.451,181,9,3,2,0.0,1.0,0,0,-1,,-1,-1,-1,-1,,-1,,36,43,-1,0.0000,0.0000,0,0.0000
5,58532,6,dairy,1,346,58532,-36.3703,144.86,165,9,3,2,0.0,1.0,0,0,-1,,-1,-1,-1,-1,,-1,,21,28,-1,0.0000,0.0000,0,0.0000
5,59045,6,dairy,1,373,59045,-36.5336,145.175,181,9,3,2,0.0,1.0,0,0,-1,,-1,-1,-1,-1,,-1,,24,31,-1,0.0000,0.0000,0,0.0000
5,20648,2,beef intensive,1,164,20648,-36.3278,145.425,181,9,3,2,0.0,1.0,0,0,25,local,20604,2,26,32,SP,35,IP,24,31,35,0.0000,0.0000,0,0.0000
5,20658,2,beef intensive,1,155,20658,-36.3553,145.454,181,9,3,2,0.0,1.0,0,0,-1,,-1,-1,-1,-1,,-1,,36,43,-1,0.0000,0.0000,0,0.0000
5,20661,2,beef intensive,1,45,20661,-36.3589,145.418,181,9,3,2,0.0,1.0,0,0,-1,,-1,-1,-1,-1,,-1,,36,43,-1,0.0000,0.0000,0,0.0000
5,20664,2,beef intensive,1,100,20664,-36.3449,145.424,181,9,3,2,0.0,1.0,0,0,-1,,-1,-1,-1,-1,,-1,,24,31,-1,0.0000,0.0000,0,0.0000
5,20665,2,beef intensive,1,39,20665,-36.356,145.448,181,9,3,2,0.0,1.0,0,0,-1,,-1,-1,-1,-1,,-1,,36,43,-1,0.0000,0.0000,0,0.0000
5,58811,6,dairy,1,438,58811,-36.3395,145.436,181,9,3,2,0.0,1.0,0,0,-1,,-1,-1,-1,-1,,-1,,24,31,-1,0.0000,0.0000,0,0.0000
5,58812,6,dairy,1,247,58812,-36.3234,145.458,181,9,3,2,0.0,1.0,0,0,-1,,-1,-1,-1,-1,,-1,,24,31,-1,0.0000,0.0000,0,0.0000
5,59324,6,dairy,1,133,59324,-35.9822,145.563,201,9,3,2,0.0,1.0,0,0,-1,,-1,-1,-1,-1,,-1,,23,30,-1,0.0000,0.0000,0,0.0000
5,58814,6,dairy,1,421,58814,-36.3089,145.411,181,9,3,2,0.0,1.0,0,0,-1,,-1,-1,-1,-1,,-1,,24,31,-1,0.0000,0.0000,0,0.0000
5,21697,2,beef intensive,1,162,21697,-36.7359,146.134,161,9,3,2,0.0,1.0,0,0,23,local,21789,2,24,32,SP,35,IP,23,30,35,0.0000,0.0000,0,0.0000
5,21443,2,beef intensive,1,85,21443,-35.9969,145.547,201,9,3,2,0.0,1.0,0,0,-1,,-1,-1,-1,-1,,-1,,23,30,-1,0.0000,0.0000,0,0.0000
5,58824,6,dairy,1,87,58824,-36.3403,145.419,181,9,3,2,0.0,1.0,0,0,-1,,-1,-1,-1,-1,,-1,,24,31,-1,0.0000,0.0000,0,0.0000
5,58315,6,dairy,1,72,58315,-36.7251,146.113,161,9,3,2,0.0,1.0,0,0,-1,,-1,-1,-1,-1,,-1,,23,30,-1,0.0000,0.0000,0,0.0000
5,58832,6,dairy,1,201,58832,-36.3474,145.43,181,9,3,2,0.0,1.0,0,0,-1,,-1,-1,-1,-1,,-1,,24,31,-1,0.0000,0.0000,0,0.0000
5,20689,2,beef intensive,1,96,20689,-36.3558,144.867,165,9,3,2,0.0,1.0,0,0,20,local,58330,2,21,22,ARP,25,IP,22,-1,25,0.0000,0.0000,0,0.0000
5,58330,6,dairy,1,268,58330,-36.3692,144.887,165,9,3,2,0.0,1.0,0,0,10,local,64828,2,11,18,SP,21,IP,-1,-1,21,0.0000,0.0000,0,0.0000
5,58339,6,dairy,1,486,58339,-36.333,144.869,165,9,3,2,0.0,1.0,0,0,-1,,-1,-1,-1,-1,,-1,,21,28,-1,0.0000,0.0000,0,0.0000
5,58340,6,dairy,1,455,58340,-36.3454,144.862,165,9,3,2,0.0,1.0,0,0,-1,,-1,-1,-1,-1,,-1,,21,28,-1,0.0000,0.0000,0,0.0000
5,215019,5,mixed sheep,2,505,202506,-36.7592,146.114,161,9,3,2,0.0,1.0,0,0,-1,,-1,-1,-1,-1,,-1,,23,31,-1,0.0000,0.0000,0,0.0000
5,215018,4,mixed beef,1,200,202506,-36.7592,146.114,161,9,3,2,0.0,1.0,0,0,-1,,-1,-1,-1,-1,,-1,,23,31,-1,0.0000,0.0000,0,0.0000
5,58349,6,dairy,1,336,58349,-36.381,144.928,165,9,3,2,0.0,1.0,0,0,-1,,-1,-1,-1,-1,,-1,,26,33,-1,0.0000,0.0000,0,0.0000
5,21742,2,beef intensive,1,152,21742,-36.7344,146.113,161,9,3,2,0.0,1.0,0,0,-1,,-1,-1,-1,-1,,-1,,23,30,-1,0.0000,0.0000,0,0.0000
5,58352,6,dairy,1,298,58352,-36.3725,144.889,165,9,3,2,0.0,1.0,0,0,11,local,64828,2,12,14,first detection,17,IP,-1,-1,17,0.0000,0.0000,0,0.0000
5,58357,6,dairy,1,357,58357,-36.362,144.901,165,9,3,2,0.0,1.0,0,0,9,local,64828,2,10,18,SP,21,IP,-1,-1,21,0.0000,0.0000,0,0.0000
6,58381,6,dairy,1,575,58381,-36.3676,144.943,165,9,3,2,0.0,1.0,0,0,-1,,-1,-1,-1,-1,,-1,,21,28,-1,0.0000,0.0000,0,0.0000
6,20773,2,beef intensive,1,113,20773,-36.3494,144.921,165,9,3,2,0.0,1.0,0,0,5,local,64828,2,6,18,SP,21,IP,-1,-1,21,0.0000,0.0000,0,0.0000
6,58409,6,dairy,1,92,58409,-36.3257,144.935,165,9,3,2,0.0,1.0,0,0,-1,,-1,-1,-1,-1,,-1,,21,28,-1,0.0000,0.0000,0,0.0000
6,64828,7,pigs small,3,497,64828,-36.3539,144.911,165,9,3,2,0.0,0.8,0,0,0,seeding,0,-1,1,14,first detection,16,IP,-1,-1,16,0.0000,0.0000,0,0.0000
6,20807,2,beef intensive,1,90,20807,-36.3329,144.897,165,9,3,2,0.0,1.0,0,0,-1,,-1,-1,-1,-1,,-1,,21,28,-1,0.0000,0.0000,0,0.0000
6,58445,6,dairy,1,502,58445,-36.3275,144.918,165,9,3,2,0.0,1.0,0,0,-1,,-1,-1,-1,-1,,-1,,21,28,-1,0.0000,0.0000,0,0.0000
6,58448,6,dairy,1,184,58448,-36.3245,144.925,165,9,3,2,0.0,1.0,0,0,-1,,-1,-1,-1,-1,,-1,,21,28,-1,0.0000,0.0000,0,0.0000
6,20827,2,beef intensive,1,113,20827,-36.3746,144.897,165,9,3,2,0.0,1.0,0,0,-1,,-1,-1,-1,-1,,-1,,21,28,-1,0.0000,0.0000,0,0.0000
6,58472,6,dairy,1,291,58472,-36.3815,144.911,165,9,3,2,0.0,1.0,0,0,-1,,-1,-1,-1,-1,,-1,,21,28,-1,0.0000,0.0000,0,0.0000
6,20858,2,beef intensive,1,40,20858,-36.33,144.931,165,9,3,2,0.0,1.0,0,0,-1,,-1,-1,-1,-1,,-1,,21,28,-1,0.0000,0.0000,0,0.0000
6,20865,2,beef intensive,1,40,20865,-36.3478,144.895,165,9,3,2,0.0,1.0,0,0,-1,,-1,-1,-1,-1,,-1,,21,28,-1,0.0000,0.0000,0,0.0000
6,58330,6,dairy,1,268,58330,-36.3692,144.887,165,9,3,2,0.0,1.0,0,0,-1,,-1,-1,-1,-1,,-1,,21,28,-1,0.0000,0.0000,0,0.0000
6,58352,6,dairy,1,298,58352,-36.3725,144.889,165,9,3,2,0.0,1.0,0,0,-1,,-1,-1,-1,-1,,-1,,21,28,-1,0.0000,0.0000,0,0.0000
6,58357,6,dairy,1,357,58357,-36.362,144.901,165,9,3,2,0.0,1.0,0,0,9,local,64828,2,10,18,SP,21,IP,-1,-1,21,0.0000,0.0000,0,0.0000
7,20740,2,beef intensive,1,45,20740,-36.333,144.952,165,9,3,2,0.0,1.0,0,0,-1,,-1,-1,-1,-1,,-1,,22,29,-1,0.0000,0.0000,0,0.0000
7,20743,2,beef intensive,1,61,20743,-36.3129,144.904,165,9,3,2,0.0,1.0,0,0,-1,,-1,-1,-1,-1,,-1,,22,29,-1,0.0000,0.0000,0,0.0000
7,58375,6,dairy,1,122,58375,-36.3416,144.878,165,9,3,2,0.0,1.0,0,0,-1,,-1,-1,-1,-1,,-1,,21,28,-1,0.0000,0.0000,0,0.0000
7,57608,6,dairy,1,318,57608,-38.1125,145.883,159,8,3,2,0.0,1.0,0,0,-1,,-1,-1,-1,-1,,-1,,37,44,-1,0.0000,0.0000,0,0.0000
7,21004,2,beef intensive,1,59,21004,-36.3125,144.629,165,9,3,2,0.0,1.0,0,0,14,saleyard,20767,2,16,18,DCP,21,IP,-1,-1,21,0.0000,0.0000,0,0.0000
7,58381,6,dairy,1,575,58381,-36.3676,144.943,165,9,3,2,0.0,1.0,0,0,-1,,-1,-1,-1,-1,,-1,,21,28,-1,0.0000,0.0000,0,0.0000
7,20753,2,beef intensive,1,48,20753,-36.33,144.873,165,9,3,2,0.0,1.0,0,0,-1,,-1,-1,-1,-1,,-1,,22,29,-1,0.0000,0.0000,0,0.0000
7,21014,2,beef intensive,1,161,21014,-36.3783,144.699,165,9,3,2,0.0,1.0,0,0,-1,,-1,-1,-1,-1,,-1,,22,29,-1,0.0000,0.0000,0,0.0000
7,57624,6,dairy,1,367,57624,-38.1006,145.905,159,8,3,2,0.0,1.0,0,0,34,local,57680,2,35,41,SP,44,IP,22,29,44,0.0000,0.0000,0,0.0000
7,58393,6,dairy,1,377,58393,-36.3875,144.89,165,9,3,2,0.0,1.0,0,0,-1,,-1,-1,-1,-1,,-1,,24,31,-1,0.0000,0.0000,0,0.0000
7,214559,5,mixed sheep,2,643,202276,-36.3636,145.556,181,9,3,2,0.0,1.0,0,0,-1,,-1,-1,-1,-1,,-1,,23,31,-1,0.0000,0.0000,0,0.0000
7,214558,4,mixed beef,1,111,202276,-36.3636,145.556,181,9,3,2,0.0,1.0,0,0,-1,,-1,-1,-1,-1,,-1,,23,31,-1,0.0000,0.0000,0,0.0000
7,20767,2,beef intensive,1,72,20767,-36.3093,144.915,165,9,3,2,0.0,1.0,0,0,12,local,58448,2,13,14,first detection,17,IP,-1,-1,17,0.0000,0.0000,0,0.0000
7,58912,6,dairy,1,199,58912,-36.3622,145.588,181,9,3,2,0.0,1.0,0,0,-1,,-1,-1,-1,-1,,-1,,23,30,-1,0.0000,0.0000,0,0.0000
7,58401,6,dairy,1,139,58401,-36.2995,144.896,165,9,3,2,0.0,1.0,0,0,-1,,-1,-1,-1,-1,,-1,,23,30,-1,0.0000,0.0000,0,0.0000
7,58915,6,dairy,1,301,58915,-36.332,145.565,181,9,3,2,0.0,1.0,0,0,-1,,-1,-1,-1,-1,,-1,,23,30,-1,0.0000,0.0000,0,0.0000
7,20773,2,beef intensive,1,113,20773,-36.3494,144.921,165,9,3,2,0.0,1.0,0,0,6,local,64828,2,7,20,SP,23,IP,-1,-1,23,0.0000,0.0000,0,0.0000
7,25894,2,beef intensive,1,125,25894,-38.1086,145.906,159,8,3,2,0.0,1.0,0,0,24,local,53612,2,25,29,SP,32,IP,22,29,32,0.0000,0.0000,0,0.0000
7,20775,2,beef intensive,1,71,20775,-36.3089,144.907,165,9,3,2,0.0,1.0,0,0,-1,,-1,-1,-1,-1,,-1,,22,29,-1,0.0000,0.0000,0,0.0000
7,21033,2,beef intensive,1,30,21033,-36.3866,144.69,165,9,3,2,0.0,1.0,0,0,20,local,214422,2,21,25,ARP,28,IP,22,29,28,0.0000,0.0000,0,0.0000
7,25641,2,beef intensive,1,91,25641,-38.1212,145.913,159,8,3,2,0.0,1.0,0,0,-1,,-1,-1,-1,-1,,-1,,22,29,-1,0.0000,0.0000,0,0.0000
7,57641,6,dairy,1,128,57641,-38.1025,145.911,159,8,3,2,0.0,1.0,0,0,25,local,53612,2,26,33,SP,36,IP,22,29,36,0.0000,0.0000,0,0.0000
7,58409,6,dairy,1,92,58409,-36.3257,144.935,165,9,3,2,0.0,1.0,0,0,-1,,-1,-1,-1,-1,,-1,,21,28,-1,0.0000,0.0000,0,0.0000
7,25899,2,beef intensive,1,69,25899,-38.1222,145.904,159,8,3,2,0.0,1.0,0,0,34,local,57670,2,35,36,ARP,39,IP,-1,-1,39,0.0000,0.0000,0,0.0000
7,25900,2,beef intensive,1,111,25900,-38.0957,145.955,159,8,3,2,0.0,1.0,0,0,-1,,-1,-1,-1,-1,,-1,,22,29,-1,0.0000,0.0000,0,0.0000
7,20785,2,beef intensive,1,133,20785,-36.3107,144.876,165,9,3,2,0.0,1.0,0,0,-1,,-1,-1,-1,-1,,-1,,23,30,-1,0.0000,0.0000,0,0.0000
7,57393,6,dairy,1,184,57393,-38.1143,145.88,159,8,3,2,0.0,1.0,0,0,-1,,-1,-1,-1,-1,,-1,,37,44,-1,0.0000,0.0000,0,0.0000
7,25653,2,beef intensive,1,125,25653,-38.1061,145.951,159,8,3,2,0.0,1.0,0,0,-1,,-1,-1,-1,-1,,-1,,22,29,-1,0.0000,0.0000,0,0.0000
7,57653,6,dairy,1,150,57653,-38.1073,145.946,159,8,3,2,0.0,1.0,0,0,-1,,-1,-1,-1,-1,,-1,,22,29,-1,0.0000,0.0000,0,0.0000
7,20790,2,beef intensive,1,103,20790,-36.3372,144.875,165,9,3,2,0.0,1.0,0,0,-1,,-1,-1,-1,-1,,-1,,22,29,-1,0.0000,0.0000,0,0.0000
7,64828,7,pigs small,3,497,64828,-36.3539,144.911,165,9,3,2,0.0,0.8,0,0,0,seeding,0,-1,1,23,ARP,25,IP,-1,-1,25,0.0000,0.0000,0,0.0000
7,25667,2,beef intensive,1,138,25667,-38.0841,145.92,159,8,3,2,0.0,1.0,0,0,25,local,53612,2,26,33,SP,36,IP,22,29,36,0.0000,0.0000,0,0.0000
7,25924,2,beef intensive,1,38,25924,-38.1333,145.928,159,8,3,2,0.0,1.0,0,0,-1,,-1,-1,-1,-1,,-1,,37,44,-1,0.0000,0.0000,0,0.0000
7,57670,6,dairy,1,353,57670,-38.1113,145.908,159,8,3,2,0.0,1.0,0,0,25,local,53612,2,26,32,SP,35,IP,22,29,35,0.0000,0.0000,0,0.0000
7,20807,2,beef intensive,1,90,20807,-36.3329,144.897,165,9,3,2,0.0,1.0,0,0,8,local,64828,2,9,18,SP,21,IP,-1,-1,21,0.0000,0.0000,0,0.0000
7,57416,6,dairy,1,337,57416,-38.1345,145.874,159,8,3,2,0.0,1.0,0,0,-1,,-1,-1,-1,-1,,-1,,37,44,-1,0.0000,0.0000,0,0.0000
7,58698,6,dairy,1,144,58698,-36.3171,144.631,165,9,3,2,0.0,1.0,0,0,-1,,-1,-1,-1,-1,,-1,,22,29,-1,0.0000,0.0000,0,0.0000
7,25931,2,beef intensive,1,103,25931,-38.1174,145.883,159,8,3,2,0.0,1.0,0,0,-1,,-1,-1,-1,-1,,-1,,37,44,-1,0.0000,0.0000,0,0.0000
7,58445,6,dairy,1,502,58445,-36.3275,144.918,165,9,3,2,0.0,1.0,0,0,14,local,20807,2,16,22,SP,25,IP,-1,-1,25,0.0000,0.0000,0,0.0000
7,57422,6,dairy,1,421,57422,-38.0838,145.937,159,8,3,2,0.0,1.0,0,0,-1,,-1,-1,-1,-1,,-1,,22,29,-1,0.0000,0.0000,0,0.0000
7,58447,6,dairy,1,215,58447,-36.3243,144.906,165,9,3,2,0.0,1.0,0,0,18,local,58448,2,19,23,SP,26,IP,21,28,26,0.0000,0.0000,0,0.0000
7,57424,6,dairy,1,166,57424,-38.1062,145.885,159,8,3,2,0.0,1.0,0,0,-1,,-1,-1,-1,-1,,-1,,37,44,-1,0.0000,0.0000,0,0.0000
7,57680,6,dairy,1,482,57680,-38.0964,145.923,159,8,3,2,0.0,1.0,0,0,25,local,53612,2,26,31,SP,34,IP,22,29,34,0.0000,0.0000,0,0.0000
7,58448,6,dairy,1,184,58448,-36.3245,144.925,165,9,3,2,0.0,1.0,0,0,9,local,20773,2,10,20,SP,23,IP,-1,-1,23,0.0000,0.0000,0,0.0000
7,25684,2,beef intensive,1,54,25684,-38.1056,145.903,159,8,3,2,0.0,1.0,0,0,-1,,-1,-1,-1,-1,,-1,,22,29,-1,0.0000,0.0000,0,0.0000
7,58455,6,dairy,1,237,58455,-36.3047,144.921,165,9,3,2,0.0,1.0,0,0,20,local,58448,2,21,22,ARP,25,IP,21,-1,25,0.0000,0.0000,0,0.0000
7,58711,6,dairy,1,79,58711,-36.2995,144.652,165,9,3,2,0.0,1.0,0,0,-1,,-1,-1,-1,-1,,-1,,21,28,-1,0.0000,0.0000,0,0.0000
7,57433,6,dairy,1,334,57433,-38.081,145.904,159,8,3,2,0.0,1.0,0,0,-1,,-1,-1,-1,-1,,-1,,22,29,-1,0.0000,0.0000,0,0.0000
7,20827,2,beef intensive,1,113,20827,-36.3746,144.897,165,9,3,2,0.0,1.0,0,0,17,local,58357,2,18,23,SP,27,IP,-1,-1,27,0.0000,0.0000,0,0.0000
7,214621,5,mixed sheep,2,742,202307,-36.3286,145.553,181,9,3,2,0.0,1.0,0,0,-1,,-1,-1,-1,-1,,-1,,23,31,-1,0.0000,0.0000,0,0.0000
7,214620,4,mixed beef,1,88,202307,-36.3286,145.553,181,9,3,2,0.0,1.0,0,0,-1,,-1,-1,-1,-1,,-1,,23,31,-1,0.0000,0.0000,0,0.0000
7,57440,6,dairy,1,275,57440,-38.1443,145.903,159,8,3,2,0.0,1.0,0,0,-1,,-1,-1,-1,-1,,-1,,37,44,-1,0.0000,0.0000,0,0.0000
7,57442,6,dairy,1,175,57442,-38.1093,145.949,159,8,3,2,0.0,1.0,0,0,-1,,-1,-1,-1,-1,,-1,,22,29,-1,0.0000,0.0000,0,0.0000
7,58471,6,dairy,1,365,58471,-36.3182,144.887,165,9,3,2,0.0,1.0,0,0,20,local,20807,2,21,22,ARP,25,IP,21,-1,25,0.0000,0.0000,0,0.0000
7,58472,6,dairy,1,291,58472,-36.3815,144.911,165,9,3,2,0.0,1.0,0,0,21,local,58357,2,22,23,ARP,27,IP,21,28,27,0.0000,0.0000,0,0.0000
7,58728,6,dairy,1,195,58728,-36.398,144.707,165,9,3,2,0.0,1.0,0,0,-1,,-1,-1,-1,-1,,-1,,21,28,-1,0.0000,0.0000,0,0.0000
7,53612,3,feedlot,1,3335,53612,-38.097,145.921,159,8,3,2,0.0,1.0,0,0,13,saleyard,20773,2,14,21,SP,25,IP,-1,-1,25,0.0000,0.0000,0,0.0000
7,58480,6,dairy,1,441,58480,-36.3164,144.949,165,9,3,2,0.0,1.0,0,0,-1,,-1,-1,-1,-1,,-1,,21,28,-1,0.0000,0.0000,0,0.0000
7,25969,2,beef intensive,1,105,25969,-38.1302,145.892,159,8,3,2,0.0,1.0,0,0,-1,,-1,-1,-1,-1,,-1,,37,44,-1,0.0000,0.0000,0,0.0000
7,58486,6,dairy,1,510,58486,-36.3284,144.915,165,9,3,2,0.0,1.0,0,0,20,local,58448,2,21,21,SP,24,IP,-1,-1,24,0.0000,0.0000,0,0.0000
7,21112,2,beef intensive,1,172,21112,-36.3503,145.564,181,9,3,2,0.0,1.0,0,0,13,saleyard,20773,2,15,22,SP,27,IP,-1,-1,27,0.0000,0.0000,0,0.0000
7,20858,2,beef intensive,1,40,20858,-36.33,144.931,165,9,3,2,0.0,1.0,0,0,-1,,-1,-1,-1,-1,,-1,,22,29,-1,0.0000,0.0000,0,0.0000
7,20861,2,beef intensive,1,30,20861,-36.33,144.952,165,9,3,2,0.0,1.0,0,0,-1,,-1,-1,-1,-1,,-1,,22,29,-1,0.0000,0.0000,0,0.0000
7,58494,6,dairy,1,383,58494,-36.3246,144.903,165,9,3,2,0.0,1.0,0,0,19,local,20807,2,20,22,SP,25,IP,-1,-1,25,0.0000,0.0000,0,0.0000
7,20865,2,beef intensive,1,40,20865,-36.3478,144.895,165,9,3,2,0.0,1.0,0,0,7,local,64828,2,9,20,SP,23,IP,-1,-1,23,0.0000,0.0000,0,0.0000
7,25733,2,beef intensive,1,30,25733,-38.1362,145.906,159,8,3,2,0.0,1.0,0,0,-1,,-1,-1,-1,-1,,-1,,37,44,-1,0.0000,0.0000,0,0.0000
7,57477,6,dairy,1,175,57477,-38.146,145.894,159,8,3,2,0.0,1.0,0,0,-1,,-1,-1,-1,-1,,-1,,37,44,-1,0.0000,0.0000,0,0.0000
7,224651,4,mixed beef,1,101,209070,-34.229,138.432,371,10,3,4,0.0,1.0,0,0,24,local,48037,4,25,30,SP,33,IP,23,30,33,0.0000,0.0000,0,0.0000
7,225161,5,mixed sheep,2,581,209378,-35.7676,139.768,367,10,3,4,0.0,1.0,0,0,-1,,-1,-1,-1,-1,,-1,,21,29,-1,0.0000,0.0000,0,0.0000
7,225160,4,mixed beef,1,271,209378,-35.7676,139.768,367,10,3,4,0.0,1.0,0,0,-1,,-1,-1,-1,-1,,-1,,21,29,-1,0.0000,0.0000,0,0.0000
7,26002,2,beef intensive,1,50,26002,-38.1192,145.933,159,8,3,2,0.0,1.0,0,0,-1,,-1,-1,-1,-1,,-1,,22,29,-1,0.0000,0.0000,0,0.0000
7,214423,5,mixed sheep,2,560,202208,-36.39,144.697,165,9,3,2,0.0,1.0,0,0,21,local,214422,2,26,19,DCP,23,IP,-1,-1,23,0.0000,0.0000,0,0.0000
7,214422,4,mixed beef,1,81,202208,-36.39,144.697,165,9,3,2,0.0,1.0,0,0,14,saleyard,20767,2,16,19,DCP,23,IP,-1,-1,23,0.0000,0.0000,0,0.0000
7,57496,6,dairy,1,359,57496,-38.1315,145.882,159,8,3,2,0.0,1.0,0,0,-1,,-1,-1,-1,-1,,-1,,37,44,-1,0.0000,0.0000,0,0.0000
7,57498,6,dairy,1,175,57498,-38.0749,145.931,159,8,3,2,0.0,1.0,0,0,-1,,-1,-1,-1,-1,,-1,,22,29,-1,0.0000,0.0000,0,0.0000
7,214431,5,mixed sheep,2,386,202212,-36.3795,144.694,165,9,3,2,0.0,1.0,0,0,-1,,-1,-1,-1,-1,,-1,,22,30,-1,0.0000,0.0000,0,0.0000
7,214430,4,mixed beef,1,79,202212,-36.3795,144.694,165,9,3,2,0.0,1.0,0,0,-1,,-1,-1,-1,-1,,-1,,22,30,-1,0.0000,0.0000,0,0.0000
7,21152,2,beef intensive,1,140,21152,-36.3519,145.552,181,9,3,2,0.0,1.0,0,0,-1,,-1,-1,-1,-1,,-1,,23,30,-1,0.0000,0.0000,0,0.0000
7,57504,6,dairy,1,471,57504,-38.0919,145.897,159,8,3,2,0.0,1.0,0,0,-1,,-1,-1,-1,-1,,-1,,22,29,-1,0.0000,0.0000,0,0.0000
7,214435,5,mixed sheep,2,575,202214,-36.3957,144.724,165,9,3,2,0.0,1.0,0,0,-1,,-1,-1,-1,-1,,-1,,22,30,-1,0.0000,0.0000,0,0.0000
7,214434,4,mixed beef,1,85,202214,-36.3957,144.724,165,9,3,2,0.0,1.0,0,0,-1,,-1,-1,-1,-1,,-1,,22,30,-1,0.0000,0.0000,0,0.0000
7,8610,2,beef intensive,1,73,8610,-33.3906,146.543,78,9,3,1,0.0,1.0,0,0,14,saleyard,20767,2,16,18,DCP,21,IP,-1,-1,21,0.0000,0.0000,0,0.0000
7,48037,2,beef intensive,1,128,48037,-34.2234,138.451,371,10,3,4,0.0,1.0,0,0,13,saleyard,20773,2,14,22,SP,25,IP,-1,-1,25,0.0000,0.0000,0,0.0000
7,57511,6,dairy,1,390,57511,-38.145,145.896,159,8,3,2,0.0,1.0,0,0,-1,,-1,-1,-1,-1,,-1,,37,44,-1,0.0000,0.0000,0,0.0000
7,26026,2,beef intensive,1,67,26026,-38.1065,145.943,159,8,3,2,0.0,1.0,0,0,-1,,-1,-1,-1,-1,,-1,,22,29,-1,0.0000,0.0000,0,0.0000
7,224680,4,mixed beef,1,105,209099,-34.2268,138.459,371,10,3,4,0.0,1.0,0,0,-1,,-1,-1,-1,-1,,-1,,23,30,-1,0.0000,0.0000,0,0.0000
7,25775,2,beef intensive,1,60,25775,-38.0843,145.911,159,8,3,2,0.0,1.0,0,0,-1,,-1,-1,-1,-1,,-1,,22,29,-1,0.0000,0.0000,0,0.0000
7,25777,2,beef intensive,1,102,25777,-38.1332,145.918,159,8,3,2,0.0,1.0,0,0,39,local,25899,2,40,46,SP,49,IP,37,44,49,0.0000,0.0000,0,0.0000
7,214449,5,mixed sheep,2,456,202221,-36.3791,144.674,165,9,3,2,0.0,1.0,0,0,-1,,-1,-1,-1,-1,,-1,,22,30,-1,0.0000,0.0000,0,0.0000
7,229041,5,mixed sheep,2,1178,211687,-34.229,138.432,371,10,3,4,0.0,1.0,0,0,-1,,-1,-1,-1,-1,,-1,,23,30,-1,0.0000,0.0000,0,0.0000
7,214448,4,mixed beef,1,72,202221,-36.3791,144.674,165,9,3,2,0.0,1.0,0,0,-1,,-1,-1,-1,-1,,-1,,22,30,-1,0.0000,0.0000,0,0.0000
7,26042,2,beef intensive,1,85,26042,-38.077,145.917,159,8,3,2,0.0,1.0,0,0,-1,,-1,-1,-1,-1,,-1,,22,29,-1,0.0000,0.0000,0,0.0000
7,25792,2,beef intensive,1,86,25792,-38.0865,145.929,159,8,3,2,0.0,1.0,0,0,-1,,-1,-1,-1,-1,,-1,,22,29,-1,0.0000,0.0000,0,0.0000
7,57540,6,dairy,1,205,57540,-38.132,145.931,159,8,3,2,0.0,1.0,0,0,-1,,-1,-1,-1,-1,,-1,,37,44,-1,0.0000,0.0000,0,0.0000
7,21194,2,beef intensive,1,58,21194,-36.3627,145.588,181,9,3,2,0.0,1.0,0,0,-1,,-1,-1,-1,-1,,-1,,23,30,-1,0.0000,0.0000,0,0.0000
7,21195,2,beef intensive,1,135,21195,-36.3408,145.541,181,9,3,2,0.0,1.0,0,0,-1,,-1,-1,-1,-1,,-1,,23,30,-1,0.0000,0.0000,0,0.0000
7,57548,6,dairy,1,429,57548,-38.1316,145.925,159,8,3,2,0.0,1.0,0,0,-1,,-1,-1,-1,-1,,-1,,37,44,-1,0.0000,0.0000,0,0.0000
7,229070,5,mixed sheep,2,902,211716,-34.2268,138.459,371,10,3,4,0.0,1.0,0,0,-1,,-1,-1,-1,-1,,-1,,23,30,-1,0.0000,0.0000,0,0.0000
7,20689,2,beef intensive,1,96,20689,-36.3558,144.867,165,9,3,2,0.0,1.0,0,0,-1,,-1,-1,-1,-1,,-1,,22,29,-1,0.0000,0.0000,0,0.0000
7,48337,2,beef intensive,1,175,48337,-35.7721,139.798,367,10,3,4,0.0,1.0,0,0,14,saleyard,20767,2,16,18,DCP,21,IP,-1,-1,21,0.0000,0.0000,0,0.0000
7,58330,6,dairy,1,268,58330,-36.3692,144.887,165,9,3,2,0.0,1.0,0,0,-1,,-1,-1,-1,-1,,-1,,21,28,-1,0.0000,0.0000,0,0.0000
7,21214,2,beef intensive,1,40,21214,-36.3484,145.531,181,9,3,2,0.0,1.0,0,0,-1,,-1,-1,-1,-1,,-1,,23,30,-1,0.0000,0.0000,0,0.0000
7,57571,6,dairy,1,338,57571,-38.1334,145.873,159,8,3,2,0.0,1.0,0,0,-1,,-1,-1,-1,-1,,-1,,37,44,-1,0.0000,0.0000,0,0.0000
7,58339,6,dairy,1,486,58339,-36.333,144.869,165,9,3,2,0.0,1.0,0,0,-1,,-1,-1,-1,-1,,-1,,21,28,-1,0.0000,0.0000,0,0.0000
7,58340,6,dairy,1,455,58340,-36.3454,144.862,165,9,3,2,0.0,1.0,0,0,-1,,-1,-1,-1,-1,,-1,,21,28,-1,0.0000,0.0000,0,0.0000
7,58349,6,dairy,1,336,58349,-36.381,144.928,165,9,3,2,0.0,1.0,0,0,-1,,-1,-1,-1,-1,,-1,,24,31,-1,0.0000,0.0000,0,0.0000
7,25840,2,beef intensive,1,64,25840,-38.1325,145.888,159,8,3,2,0.0,1.0,0,0,-1,,-1,-1,-1,-1,,-1,,37,44,-1,0.0000,0.0000,0,0.0000
7,58352,6,dairy,1,298,58352,-36.3725,144.889,165,9,3,2,0.0,1.0,0,0,-1,,-1,-1,-1,-1,,-1,,21,28,-1,0.0000,0.0000,0,0.0000
7,25841,2,beef intensive,1,90,25841,-38.11,145.921,159,8,3,2,0.0,1.0,0,0,-1,,-1,-1,-1,-1,,-1,,22,29,-1,0.0000,0.0000,0,0.0000
7,57585,6,dairy,1,173,57585,-38.1226,145.887,159,8,3,2,0.0,1.0,0,0,-1,,-1,-1,-1,-1,,-1,,37,44,-1,0.0000,0.0000,0,0.0000
7,58357,6,dairy,1,357,58357,-36.362,144.901,165,9,3,2,0.0,1.0,0,0,10,local,64828,2,11,18,SP,21,IP,-1,-1,21,0.0000,0.0000,0,0.0000
7,20726,2,beef intensive,1,52,20726,-36.3033,144.9,165,9,3,2,0.0,1.0,0,0,-1,,-1,-1,-1,-1,,-1,,23,30,-1,0.0000,0.0000,0,0.0000
7,25847,2,beef intensive,1,98,25847,-38.091,145.923,159,8,3,2,0.0,1.0,0,0,24,local,53612,2,25,33,SP,36,IP,22,29,36,0.0000,0.0000,0,0.0000
7,58359,6,dairy,1,212,58359,-36.3005,144.923,165,9,3,2,0.0,1.0,0,0,-1,,-1,-1,-1,-1,,-1,,21,28,-1,0.0000,0.0000,0,0.0000
7,58621,6,dairy,1,407,58621,-36.3038,144.633,165,9,3,2,0.0,1.0,0,0,-1,,-1,-1,-1,-1,,-1,,21,28,-1,0.0000,0.0000,0,0.0000
8,7938,2,beef intensive,1,300,7938,-35.1835,143.411,135,9,3,1,0.0,1.0,0,0,-1,,-1,-1,-1,-1,,-1,,30,37,-1,0.0000,0.0000,0,0.0000
8,64516,7,pigs small,3,2,64516,-35.1708,143.418,135,9,3,1,0.0,0.8,0,0,3,saleyard,64828,2,0,29,DCP,31,IP,-1,-1,31,0.0000,0.0000,0,0.0000
8,56069,6,dairy,1,100,56069,-35.8881,145.751,12,9,3,1,0.0,1.0,0,0,-1,,-1,-1,-1,-1,,-1,,30,37,-1,0.0000,0.0000,0,0.0000
8,58375,6,dairy,1,122,58375,-36.3416,144.878,165,9,3,2,0.0,1.0,0,0,-1,,-1,-1,-1,-1,,-1,,21,28,-1,0.0000,0.0000,0,0.0000
8,58381,6,dairy,1,575,58381,-36.3676,144.943,165,9,3,2,0.0,1.0,0,0,-1,,-1,-1,-1,-1,,-1,,21,28,-1,0.0000,0.0000,0,0.0000
8,59661,6,dairy,1,239,59661,-35.8318,143.966,174,10,3,2,0.0,1.0,0,0,-1,,-1,-1,-1,-1,,-1,,32,39,-1,0.0000,0.0000,0,0.0000
8,8464,2,beef intensive,1,38,8464,-35.8713,145.752,12,9,3,1,0.0,1.0,0,0,-1,,-1,-1,-1,-1,,-1,,30,37,-1,0.0000,0.0000,0,0.0000
8,20753,2,beef intensive,1,48,20753,-36.33,144.873,165,9,3,2,0.0,1.0,0,0,-1,,-1,-1,-1,-1,,-1,,22,29,-1,0.0000,0.0000,0,0.0000
8,15897,2,beef intensive,1,59,15897,-35.8685,145.741,12,9,3,1,0.0,1.0,0,0,19,direct,21406,2,21,29,SP,32,IP,-1,-1,32,0.0000,0.0000,0,0.0000
8,58393,6,dairy,1,377,58393,-36.3875,144.89,165,9,3,2,0.0,1.0,0,0,-1,,-1,-1,-1,-1,,-1,,25,32,-1,0.0000,0.0000,0,0.0000
8,58650,6,dairy,1,253,58650,-36.1521,144.537,165,9,3,2,0.0,1.0,0,0,-1,,-1,-1,-1,-1,,-1,,23,30,-1,0.0000,0.0000,0,0.0000
8,20763,2,beef intensive,1,30,20763,-36.3759,144.858,165,9,3,2,0.0,1.0,0,0,-1,,-1,-1,-1,-1,,-1,,25,32,-1,0.0000,0.0000,0,0.0000
8,21023,2,beef intensive,1,161,21023,-36.3178,144.746,165,9,3,2,0.0,1.0,0,0,-1,,-1,-1,-1,-1,,-1,,22,29,-1,0.0000,0.0000,0,0.0000
8,58911,6,dairy,1,154,58911,-36.2926,145.608,181,9,3,2,0.0,1.0,0,0,-1,,-1,-1,-1,-1,,-1,,21,28,-1,0.0000,0.0000,0,0.0000
8,21024,2,beef intensive,1,178,21024,-36.2911,144.774,165,9,3,2,0.0,1.0,0,0,11,local,64825,2,12,18,SP,21,IP,-1,-1,21,0.0000,0.0000,0,0.0000
8,59683,6,dairy,1,637,59683,-35.8178,143.962,174,10,3,2,0.0,1.0,0,0,-1,,-1,-1,-1,-1,,-1,,21,28,-1,0.0000,0.0000,0,0.0000
8,20773,2,beef intensive,1,113,20773,-36.3494,144.921,165,9,3,2,0.0,1.0,0,0,8,local,64828,2,9,18,SP,22,IP,-1,-1,22,0.0000,0.0000,0,0.0000
8,20774,2,beef intensive,1,150,20774,-36.3837,144.863,165,9,3,2,0.0,1.0,0,0,-1,,-1,-1,-1,-1,,-1,,25,32,-1,0.0000,0.0000,0,0.0000
8,58409,6,dairy,1,92,58409,-36.3257,144.935,165,9,3,2,0.0,1.0,0,0,-1,,-1,-1,-1,-1,,-1,,21,28,-1,0.0000,0.0000,0,0.0000
8,58410,6,dairy,1,298,58410,-36.2674,144.806,165,9,3,2,0.0,1.0,0,0,26,local,20722,2,27,34,SP,37,IP,24,31,37,0.0000,0.0000,0,0.0000
8,20781,2,beef intensive,1,140,20781,-36.2764,144.82,165,9,3,2,0.0,1.0,0,0,-1,,-1,-1,-1,-1,,-1,,24,31,-1,0.0000,0.0000,0,0.0000
8,59700,6,dairy,1,435,59700,-35.8159,143.894,174,10,3,2,0.0,1.0,0,0,-1,,-1,-1,-1,-1,,-1,,31,38,-1,0.0000,0.0000,0,0.0000
8,20790,2,beef intensive,1,103,20790,-36.3372,144.875,165,9,3,2,0.0,1.0,0,0,-1,,-1,-1,-1,-1,,-1,,22,29,-1,0.0000,0.0000,0,0.0000
8,54583,6,dairy,1,1,54583,-35.1701,143.423,135,9,3,1,0.0,1.0,0,0,-1,,-1,-1,-1,-1,,-1,,30,37,-1,0.0000,0.0000,0,0.0000
8,64825,7,pigs small,3,285,64825,-36.2941,144.778,165,9,3,2,0.0,0.8,0,0,3,saleyard,64828,2,5,18,SP,20,IP,-1,-1,20,0.0000,0.0000,0,0.0000
8,64828,7,pigs small,3,497,64828,-36.3539,144.911,165,9,3,2,0.0,0.8,0,0,0,seeding,0,-1,1,23,DCP,25,IP,-1,-1,25,0.0000,0.0000,0,0.0000
8,214589,5,mixed sheep,2,647,202291,-36.3017,145.653,181,9,3,2,0.0,1.0,0,0,-1,,-1,-1,-1,-1,,-1,,22,30,-1,0.0000,0.0000,0,0.0000
8,214588,4,mixed beef,1,99,202291,-36.3017,145.653,181,9,3,2,0.0,1.0,0,0,-1,,-1,-1,-1,-1,,-1,,22,30,-1,0.0000,0.0000,0,0.0000
8,130113,10,smallholder,4,6,130113,-36.2818,144.768,165,9,3,2,0.0,1.0,0,0,11,local,64825,2,13,22,SP,24,IP,-1,-1,24,0.0000,0.0000,0,0.0000
8,20807,2,beef intensive,1,90,20807,-36.3329,144.897,165,9,3,2,0.0,1.0,0,0,-1,,-1,-1,-1,-1,,-1,,22,29,-1,0.0000,0.0000,0,0.0000
8,81481,9,sheep,2,994,81481,-36.3769,144.89,165,9,3,2,0.0,1.0,0,0,17,local,58357,2,20,28,ARP,30,IP,-1,-1,30,0.0000,0.0000,0,0.0000
8,220747,5,mixed sheep,2,199,206635,-35.8107,143.889,174,10,3,2,0.0,1.0,0,0,-1,,-1,-1,-1,-1,,-1,,31,38,-1,0.0000,0.0000,0,0.0000
8,55373,6,dairy,1,420,55373,-35.8591,145.749,12,9,3,1,0.0,1.0,0,0,-1,,-1,-1,-1,-1,,-1,,30,37,-1,0.0000,0.0000,0,0.0000
8,58445,6,dairy,1,502,58445,-36.3275,144.918,165,9,3,2,0.0,1.0,0,0,-1,,-1,-1,-1,-1,,-1,,21,28,-1,0.0000,0.0000,0,0.0000
8,58447,6,dairy,1,215,58447,-36.3243,144.906,165,9,3,2,0.0,1.0,0,0,-1,,-1,-1,-1,-1,,-1,,21,28,-1,0.0000,0.0000,0,0.0000
8,58448,6,dairy,1,184,58448,-36.3245,144.925,165,9,3,2,0.0,1.0,0,0,-1,,-1,-1,-1,-1,,-1,,21,28,-1,0.0000,0.0000,0,0.0000
8,213593,4,mixed beef,1,299,201678,-35.8107,143.889,174,10,3,2,0.0,1.0,0,0,22,airborne,66029,2,23,30,SP,33,IP,-1,-1,33,0.0000,0.0000,0,0.0000
8,20827,2,beef intensive,1,113,20827,-36.3746,144.897,165,9,3,2,0.0,1.0,0,0,-1,,-1,-1,-1,-1,,-1,,22,29,-1,0.0000,0.0000,0,0.0000
8,123231,10,smallholder,4,5,123231,-36.2884,144.772,165,9,3,2,0.0,1.0,0,0,29,local,20722,2,31,31,ARP,33,IP,-1,-1,33,0.0000,0.0000,0,0.0000
8,58472,6,dairy,1,291,58472,-36.3815,144.911,165,9,3,2,0.0,1.0,0,0,-1,,-1,-1,-1,-1,,-1,,21,28,-1,0.0000,0.0000,0,0.0000
8,58473,6,dairy,1,365,58473,-36.2744,144.786,165,9,3,2,0.0,1.0,0,0,24,local,20722,2,25,25,ARP,28,IP,23,30,28,0.0000,0.0000,0,0.0000
8,58486,6,dairy,1,510,58486,-36.3284,144.915,165,9,3,2,0.0,1.0,0,0,-1,,-1,-1,-1,-1,,-1,,21,28,-1,0.0000,0.0000,0,0.0000
8,195706,4,mixed beef,1,3,191469,-35.1746,143.434,135,9,3,1,0.0,1.0,0,0,-1,,-1,-1,-1,-1,,-1,,30,38,-1,0.0000,0.0000,0,0.0000
8,214395,5,mixed sheep,2,565,202194,-36.141,144.509,165,9,3,2,0.0,1.0,0,0,-1,,-1,-1,-1,-1,,-1,,23,31,-1,0.0000,0.0000,0,0.0000
8,195707,5,mixed sheep,2,15,191469,-35.1746,143.434,135,9,3,1,0.0,1.0,0,0,-1,,-1,-1,-1,-1,,-1,,30,38,-1,0.0000,0.0000,0,0.0000
8,214394,4,mixed beef,1,77,202194,-36.141,144.509,165,9,3,2,0.0,1.0,0,0,-1,,-1,-1,-1,-1,,-1,,23,31,-1,0.0000,0.0000,0,0.0000
8,20858,2,beef intensive,1,40,20858,-36.33,144.931,165,9,3,2,0.0,1.0,0,0,-1,,-1,-1,-1,-1,,-1,,22,29,-1,0.0000,0.0000,0,0.0000
8,58494,6,dairy,1,383,58494,-36.3246,144.903,165,9,3,2,0.0,1.0,0,0,-1,,-1,-1,-1,-1,,-1,,21,28,-1,0.0000,0.0000,0,0.0000
8,58495,6,dairy,1,140,58495,-36.2642,144.799,165,9,3,2,0.0,1.0,0,0,-1,,-1,-1,-1,-1,,-1,,24,31,-1,0.0000,0.0000,0,0.0000
8,64896,7,pigs small,3,147,64896,-36.2817,145.636,201,9,3,2,0.0,0.8,0,0,10,indirect,64825,2,12,20,SP,22,IP,-1,-1,22,0.0000,0.0000,0,0.0000
8,20865,2,beef intensive,1,40,20865,-36.3478,144.895,165,9,3,2,0.0,1.0,0,0,9,local,64828,2,11,20,SP,23,IP,-1,-1,23,0.0000,0.0000,0,0.0000
8,21121,2,beef intensive,1,74,21121,-36.2616,145.621,181,9,3,2,0.0,1.0,0,0,-1,,-1,-1,-1,-1,,-1,,22,29,-1,0.0000,0.0000,0,0.0000
8,214419,5,mixed sheep,2,428,202206,-36.1068,144.536,165,9,3,2,0.0,1.0,0,0,-1,,-1,-1,-1,-1,,-1,,23,31,-1,0.0000,0.0000,0,0.0000
8,214418,4,mixed beef,1,99,202206,-36.1068,144.536,165,9,3,2,0.0,1.0,0,0,-1,,-1,-1,-1,-1,,-1,,23,31,-1,0.0000,0.0000,0,0.0000
8,58514,6,dairy,1,255,58514,-36.2572,144.799,165,9,3,2,0.0,1.0,0,0,-1,,-1,-1,-1,-1,,-1,,24,31,-1,0.0000,0.0000,0,0.0000
8,20885,2,beef intensive,1,43,20885,-36.1268,144.507,165,9,3,2,0.0,1.0,0,0,-1,,-1,-1,-1,-1,,-1,,23,30,-1,0.0000,0.0000,0,0.0000
8,20886,2,beef intensive,1,116,20886,-36.1091,144.521,165,9,3,2,0.0,1.0,0,0,-1,,-1,-1,-1,-1,,-1,,23,30,-1,0.0000,0.0000,0,0.0000
8,29847,2,beef intensive,1,73,29847,-35.8409,143.939,174,10,3,2,0.0,1.0,0,0,24,airborne,66029,2,25,31,SP,34,IP,-1,-1,34,0.0000,0.0000,0,0.0000
8,58524,6,dairy,1,247,58524,-36.2961,144.801,165,9,3,2,0.0,1.0,0,0,19,local,20730,2,20,24,SP,27,IP,21,28,27,0.0000,0.0000,0,0.0000
8,21406,2,beef intensive,1,181,21406,-36.2923,145.642,201,9,3,2,0.0,1.0,0,0,17,local,64896,2,18,24,SP,27,IP,22,29,27,0.0000,0.0000,0,0.0000
8,21407,2,beef intensive,1,153,21407,-36.2732,145.66,201,9,3,2,0.0,1.0,0,0,22,local,64896,2,23,26,ARP,29,IP,22,29,29,0.0000,0.0000,0,0.0000
8,198049,5,mixed sheep,2,120,192640,-35.1615,143.395,135,9,3,1,0.0,1.0,0,0,-1,,-1,-1,-1,-1,,-1,,30,38,-1,0.0000,0.0000,0,0.0000
8,198048,4,mixed beef,1,56,192640,-35.1615,143.395,135,9,3,1,0.0,1.0,0,0,-1,,-1,-1,-1,-1,,-1,,30,38,-1,0.0000,0.0000,0,0.0000
8,58532,6,dairy,1,346,58532,-36.3703,144.86,165,9,3,2,0.0,1.0,0,0,-1,,-1,-1,-1,-1,,-1,,25,32,-1,0.0000,0.0000,0,0.0000
8,58533,6,dairy,1,340,58533,-36.2688,144.784,165,9,3,2,0.0,1.0,0,0,-1,,-1,-1,-1,-1,,-1,,21,28,-1,0.0000,0.0000,0,0.0000
8,58534,6,dairy,1,610,58534,-36.2754,144.782,165,9,3,2,0.0,1.0,0,0,12,local,64825,2,13,14,first detection,17,IP,-1,-1,17,0.0000,0.0000,0,0.0000
8,20903,2,beef intensive,1,45,20903,-36.1426,144.505,165,9,3,2,0.0,1.0,0,0,-1,,-1,-1,-1,-1,,-1,,23,30,-1,0.0000,0.0000,0,0.0000
8,214447,5,mixed sheep,2,512,202220,-36.3119,144.795,165,9,3,2,0.0,1.0,0,0,-1,,-1,-1,-1,-1,,-1,,22,30,-1,0.0000,0.0000,0,0.0000
8,203694,5,mixed sheep,2,150,195463,-35.8517,145.725,12,9,3,1,0.0,1.0,0,0,-1,,-1,-1,-1,-1,,-1,,30,38,-1,0.0000,0.0000,0,0.0000
8,214446,4,mixed beef,1,147,202220,-36.3119,144.795,165,9,3,2,0.0,1.0,0,0,-1,,-1,-1,-1,-1,,-1,,22,30,-1,0.0000,0.0000,0,0.0000
8,203693,4,mixed beef,1,130,195463,-35.8517,145.725,12,9,3,1,0.0,1.0,0,0,-1,,-1,-1,-1,-1,,-1,,30,38,-1,0.0000,0.0000,0,0.0000
8,29882,2,beef intensive,1,61,29882,-35.8285,143.879,174,10,3,2,0.0,1.0,0,0,-1,,-1,-1,-1,-1,,-1,,31,38,-1,0.0000,0.0000,0,0.0000
8,20926,2,beef intensive,1,44,20926,-36.1389,144.513,165,9,3,2,0.0,1.0,0,0,-1,,-1,-1,-1,-1,,-1,,23,30,-1,0.0000,0.0000,0,0.0000
8,20936,2,beef intensive,1,83,20936,-36.1385,144.545,165,9,3,2,0.0,1.0,0,0,-1,,-1,-1,-1,-1,,-1,,23,30,-1,0.0000,0.0000,0,0.0000
8,20944,2,beef intensive,1,86,20944,-36.1289,144.53,165,9,3,2,0.0,1.0,0,0,15,indirect,58622,2,16,22,SP,25,IP,-1,-1,25,0.0000,0.0000,0,0.0000
8,197587,5,mixed sheep,2,180,192409,-35.8755,145.719,12,9,3,1,0.0,1.0,0,0,-1,,-1,-1,-1,-1,,-1,,30,38,-1,0.0000,0.0000,0,0.0000
8,20689,2,beef intensive,1,96,20689,-36.3558,144.867,165,9,3,2,0.0,1.0,0,0,-1,,-1,-1,-1,-1,,-1,,22,29,-1,0.0000,0.0000,0,0.0000
8,58577,6,dairy,1,335,58577,-36.2754,144.749,165,9,3,2,0.0,1.0,0,0,-1,,-1,-1,-1,-1,,-1,,23,30,-1,0.0000,0.0000,0,0.0000
8,197586,4,mixed beef,1,370,192409,-35.8755,145.719,12,9,3,1,0.0,1.0,0,0,-1,,-1,-1,-1,-1,,-1,,30,38,-1,0.0000,0.0000,0,0.0000
8,210897,5,mixed sheep,2,190,199065,-35.1708,143.432,135,9,3,1,0.0,1.0,0,0,-1,,-1,-1,-1,-1,,-1,,30,38,-1,0.0000,0.0000,0,0.0000
8,20691,2,beef intensive,1,37,20691,-36.2911,144.789,165,9,3,2,0.0,1.0,0,0,14,local,64825,2,15,23,SP,26,IP,-1,-1,26,0.0000,0.0000,0,0.0000
8,210896,4,mixed beef,1,15,199065,-35.1708,143.432,135,9,3,1,0.0,1.0,0,0,-1,,-1,-1,-1,-1,,-1,,30,38,-1,0.0000,0.0000,0,0.0000
8,5591,2,beef intensive,1,34,5591,-35.8865,145.739,12,9,3,1,0.0,1.0,0,0,-1,,-1,-1,-1,-1,,-1,,30,37,-1,0.0000,0.0000,0,0.0000
8,55767,6,dairy,1,220,55767,-35.8876,145.762,12,9,3,1,0.0,1.0,0,0,-1,,-1,-1,-1,-1,,-1,,30,37,-1,0.0000,0.0000,0,0.0000
8,58330,6,dairy,1,268,58330,-36.3692,144.887,165,9,3,2,0.0,1.0,0,0,20,local,58357,2,22,24,SP,27,IP,-1,-1,27,0.0000,0.0000,0,0.0000
8,206814,5,mixed sheep,2,12,197023,-35.1686,143.395,135,9,3,1,0.0,1.0,0,0,-1,,-1,-1,-1,-1,,-1,,30,38,-1,0.0000,0.0000,0,0.0000
8,206813,4,mixed beef,1,30,197023,-35.1686,143.395,135,9,3,1,0.0,1.0,0,0,-1,,-1,-1,-1,-1,,-1,,30,38,-1,0.0000,0.0000,0,0.0000
8,58339,6,dairy,1,486,58339,-36.333,144.869,165,9,3,2,0.0,1.0,0,0,-1,,-1,-1,-1,-1,,-1,,21,28,-1,0.0000,0.0000,0,0.0000
8,58340,6,dairy,1,455,58340,-36.3454,144.862,165,9,3,2,0.0,1.0,0,0,-1,,-1,-1,-1,-1,,-1,,21,28,-1,0.0000,0.0000,0,0.0000
8,20711,2,beef intensive,1,135,20711,-36.2712,144.779,165,9,3,2,0.0,1.0,0,0,18,local,20730,2,19,26,SP,29,IP,22,29,29,0.0000,0.0000,0,0.0000
8,58346,6,dairy,1,456,58346,-36.2651,144.798,165,9,3,2,0.0,1.0,0,0,-1,,-1,-1,-1,-1,,-1,,24,31,-1,0.0000,0.0000,0,0.0000
8,20716,2,beef intensive,1,33,20716,-36.2934,144.789,165,9,3,2,0.0,1.0,0,0,-1,,-1,-1,-1,-1,,-1,,23,30,-1,0.0000,0.0000,0,0.0000
8,66029,8,pigs large,3,2184,66029,-35.8034,143.934,174,10,3,2,0.0,0.25,0,0,13,direct,64825,2,16,20,SP,24,IP,-1,-1,24,0.0000,0.0000,0,0.0000
8,58352,6,dairy,1,298,58352,-36.3725,144.889,165,9,3,2,0.0,1.0,0,0,-1,,-1,-1,-1,-1,,-1,,25,32,-1,0.0000,0.0000,0,0.0000
8,20722,2,beef intensive,1,139,20722,-36.2785,144.795,165,9,3,2,0.0,1.0,0,0,18,local,64825,2,19,26,SP,29,IP,22,29,29,0.0000,0.0000,0,0.0000
8,58357,6,dairy,1,357,58357,-36.362,144.901,165,9,3,2,0.0,1.0,0,0,8,local,64828,2,9,18,SP,22,IP,-1,-1,22,0.0000,0.0000,0,0.0000
8,208117,5,mixed sheep,2,50,197675,-35.1701,143.423,135,9,3,1,0.0,1.0,0,0,-1,,-1,-1,-1,-1,,-1,,30,38,-1,0.0000,0.0000,0,0.0000
8,208116,4,mixed beef,1,1,197675,-35.1701,143.423,135,9,3,1,0.0,1.0,0,0,-1,,-1,-1,-1,-1,,-1,,30,38,-1,0.0000,0.0000,0,0.0000
8,20730,2,beef intensive,1,47,20730,-36.2824,144.789,165,9,3,2,0.0,1.0,0,0,12,local,64825,2,13,23,SP,26,IP,-1,-1,26,0.0000,0.0000,0,0.0000
8,20988,2,beef intensive,1,97,20988,-36.1425,144.52,165,9,3,2,0.0,1.0,0,0,-1,,-1,-1,-1,-1,,-1,,23,30,-1,0.0000,0.0000,0,0.0000
8,58622,6,dairy,1,254,58622,-36.2966,144.764,165,9,3,2,0.0,1.0,0,0,8,local,64825,2,9,18,SP,21,IP,-1,-1,21,0.0000,0.0000,0,0.0000
8,59646,6,dairy,1,262,59646,-35.8349,143.918,174,10,3,2,0.0,1.0,0,0,-1,,-1,-1,-1,-1,,-1,,32,39,-1,0.0000,0.0000,0,0.0000
8,3071,2,beef intensive,1,38,3071,-35.1717,143.422,135,9,3,1,0.0,1.0,0,0,-1,,-1,-1,-1,-1,,-1,,30,37,-1,0.0000,0.0000,0,0.0000
9,20740,2,beef intensive,1,45,20740,-36.333,144.952,165,9,3,2,0.0,1.0,0,0,-1,,-1,-1,-1,-1,,-1,,22,29,-1,0.0000,0.0000,0,0.0000
9,58373,6,dairy,1,346,58373,-36.3957,144.928,165,9,3,2,0.0,1.0,0,0,-1,,-1,-1,-1,-1,,-1,,21,28,-1,0.0000,0.0000,0,0.0000
9,116231,10,smallholder,4,6,116231,-36.3385,144.917,165,9,3,2,0.0,1.0,0,0,5,local,64828,2,6,18,SP,21,IP,-1,-1,21,0.0000,0.0000,0,0.0000
9,20743,2,beef intensive,1,61,20743,-36.3129,144.904,165,9,3,2,0.0,1.0,0,0,-1,,-1,-1,-1,-1,,-1,,23,30,-1,0.0000,0.0000,0,0.0000
9,58381,6,dairy,1,575,58381,-36.3676,144.943,165,9,3,2,0.0,1.0,0,0,-1,,-1,-1,-1,-1,,-1,,21,28,-1,0.0000,0.0000,0,0.0000
9,58393,6,dairy,1,377,58393,-36.3875,144.89,165,9,3,2,0.0,1.0,0,0,-1,,-1,-1,-1,-1,,-1,,21,28,-1,0.0000,0.0000,0,0.0000
9,20763,2,beef intensive,1,30,20763,-36.3759,144.858,165,9,3,2,0.0,1.0,0,0,-1,,-1,-1,-1,-1,,-1,,22,29,-1,0.0000,0.0000,0,0.0000
9,20767,2,beef intensive,1,72,20767,-36.3093,144.915,165,9,3,2,0.0,1.0,0,0,-1,,-1,-1,-1,-1,,-1,,21,28,-1,0.0000,0.0000,0,0.0000
9,20773,2,beef intensive,1,113,20773,-36.3494,144.921,165,9,3,2,0.0,1.0,0,0,24,local,58486,2,26,33,SP,36,IP,22,29,36,0.0000,0.0000,0,0.0000
9,20774,2,beef intensive,1,150,20774,-36.3837,144.863,165,9,3,2,0.0,1.0,0,0,-1,,-1,-1,-1,-1,,-1,,22,29,-1,0.0000,0.0000,0,0.0000
9,22055,2,beef intensive,1,69,22055,-36.8455,145.215,218,9,3,2,0.0,1.0,0,0,-1,,-1,-1,-1,-1,,-1,,22,29,-1,0.0000,0.0000,0,0.0000
9,58407,6,dairy,1,226,58407,-36.3734,144.949,165,9,3,2,0.0,1.0,0,0,-1,,-1,-1,-1,-1,,-1,,21,28,-1,0.0000,0.0000,0,0.0000
9,20777,2,beef intensive,1,58,20777,-36.4001,144.916,165,9,3,2,0.0,1.0,0,0,-1,,-1,-1,-1,-1,,-1,,27,34,-1,0.0000,0.0000,0,0.0000
9,58409,6,dairy,1,92,58409,-36.3257,144.935,165,9,3,2,0.0,1.0,0,0,-1,,-1,-1,-1,-1,,-1,,21,28,-1,0.0000,0.0000,0,0.0000
9,58423,6,dairy,1,298,58423,-36.3478,144.956,165,9,3,2,0.0,1.0,0,0,-1,,-1,-1,-1,-1,,-1,,21,28,-1,0.0000,0.0000,0,0.0000
9,64828,7,pigs small,3,497,64828,-36.3539,144.911,165,9,3,2,0.0,0.8,0,0,0,seeding,0,-1,1,21,ARP,23,IP,-1,-1,23,0.0000,0.0000,0,0.0000
9,20807,2,beef intensive,1,90,20807,-36.3329,144.897,165,9,3,2,0.0,1.0,0,0,10,local,64828,2,11,14,first detection,17,IP,-1,-1,17,0.0000,0.0000,0,0.0000
9,58445,6,dairy,1,502,58445,-36.3275,144.918,165,9,3,2,0.0,1.0,0,0,15,local,116231,2,16,22,SP,25,IP,-1,-1,25,0.0000,0.0000,0,0.0000
9,58447,6,dairy,1,215,58447,-36.3243,144.906,165,9,3,2,0.0,1.0,0,0,-1,,-1,-1,-1,-1,,-1,,23,30,-1,0.0000,0.0000,0,0.0000
9,58448,6,dairy,1,184,58448,-36.3245,144.925,165,9,3,2,0.0,1.0,0,0,20,local,20858,2,22,23,ARP,26,IP,21,-1,26,0.0000,0.0000,0,0.0000
9,20819,2,beef intensive,1,62,20819,-36.3779,144.942,165,9,3,2,0.0,1.0,0,0,-1,,-1,-1,-1,-1,,-1,,22,29,-1,0.0000,0.0000,0,0.0000
9,58455,6,dairy,1,237,58455,-36.3047,144.921,165,9,3,2,0.0,1.0,0,0,-1,,-1,-1,-1,-1,,-1,,21,28,-1,0.0000,0.0000,0,0.0000
9,20827,2,beef intensive,1,113,20827,-36.3746,144.897,165,9,3,2,0.0,1.0,0,0,-1,,-1,-1,-1,-1,,-1,,22,29,-1,0.0000,0.0000,0,0.0000
9,20829,2,beef intensive,1,31,20829,-36.3323,144.96,165,9,3,2,0.0,1.0,0,0,-1,,-1,-1,-1,-1,,-1,,22,29,-1,0.0000,0.0000,0,0.0000
9,58471,6,dairy,1,365,58471,-36.3182,144.887,165,9,3,2,0.0,1.0,0,0,-1,,-1,-1,-1,-1,,-1,,23,30,-1,0.0000,0.0000,0,0.0000
9,58472,6,dairy,1,291,58472,-36.3815,144.911,165,9,3,2,0.0,1.0,0,0,25,local,126660,2,26,32,SP,35,IP,21,28,35,0.0000,0.0000,0,0.0000
9,58476,6,dairy,1,120,58476,-36.3933,144.936,165,9,3,2,0.0,1.0,0,0,-1,,-1,-1,-1,-1,,-1,,21,28,-1,0.0000,0.0000,0,0.0000
9,58480,6,dairy,1,441,58480,-36.3164,144.949,165,9,3,2,0.0,1.0,0,0,-1,,-1,-1,-1,-1,,-1,,21,28,-1,0.0000,0.0000,0,0.0000
9,20852,2,beef intensive,1,67,20852,-36.3991,144.942,165,9,3,2,0.0,1.0,0,0,-1,,-1,-1,-1,-1,,-1,,27,34,-1,0.0000,0.0000,0,0.0000
9,58486,6,dairy,1,510,58486,-36.3284,144.915,165,9,3,2,0.0,1.0,0,0,15,local,116231,2,16,22,SP,25,IP,-1,-1,25,0.0000,0.0000,0,0.0000
9,20858,2,beef intensive,1,40,20858,-36.33,144.931,165,9,3,2,0.0,1.0,0,0,10,local,116231,2,11,18,SP,21,IP,-1,-1,21,0.0000,0.0000,0,0.0000
9,20861,2,beef intensive,1,30,20861,-36.33,144.952,165,9,3,2,0.0,1.0,0,0,-1,,-1,-1,-1,-1,,-1,,22,29,-1,0.0000,0.0000,0,0.0000
9,22141,2,beef intensive,1,161,22141,-36.8122,145.224,218,9,3,2,0.0,1.0,0,0,24,local,22144,2,25,32,SP,35,IP,22,29,35,0.0000,0.0000,0,0.0000
9,58494,6,dairy,1,383,58494,-36.3246,144.903,165,9,3,2,0.0,1.0,0,0,-1,,-1,-1,-1,-1,,-1,,23,30,-1,0.0000,0.0000,0,0.0000
9,22144,2,beef intensive,1,167,22144,-36.8264,145.208,218,9,3,2,0.0,1.0,0,0,13,indirect,58357,2,14,21,SP,24,IP,-1,-1,24,0.0000,0.0000,0,0.0000
9,20865,2,beef intensive,1,40,20865,-36.3478,144.895,165,9,3,2,0.0,1.0,0,0,-1,,-1,-1,-1,-1,,-1,,22,29,-1,0.0000,0.0000,0,0.0000
9,130978,10,smallholder,4,10,130978,-36.3623,144.912,165,9,3,2,0.0,1.0,0,0,11,local,64828,2,13,20,SP,22,IP,-1,-1,22,0.0000,0.0000,0,0.0000
9,58532,6,dairy,1,346,58532,-36.3703,144.86,165,9,3,2,0.0,1.0,0,0,-1,,-1,-1,-1,-1,,-1,,21,28,-1,0.0000,0.0000,0,0.0000
9,215491,5,mixed sheep,2,1252,202742,-36.8263,145.216,218,9,3,2,0.0,1.0,0,0,27,local,215490,2,30,26,SP,30,IP,22,30,30,0.0000,0.0000,0,0.0000
9,215490,4,mixed beef,1,101,202742,-36.8263,145.216,218,9,3,2,0.0,1.0,0,0,18,local,22144,2,19,26,SP,30,IP,22,30,30,0.0000,0.0000,0,0.0000
9,126660,10,smallholder,4,8,126660,-36.3781,144.921,165,9,3,2,0.0,1.0,0,0,17,local,120051,2,19,26,SP,28,IP,-1,-1,28,0.0000,0.0000,0,0.0000
9,20689,2,beef intensive,1,96,20689,-36.3558,144.867,165,9,3,2,0.0,1.0,0,0,-1,,-1,-1,-1,-1,,-1,,22,29,-1,0.0000,0.0000,0,0.0000
9,58327,6,dairy,1,289,58327,-36.3898,144.949,165,9,3,2,0.0,1.0,0,0,-1,,-1,-1,-1,-1,,-1,,27,34,-1,0.0000,0.0000,0,0.0000
9,58330,6,dairy,1,268,58330,-36.3692,144.887,165,9,3,2,0.0,1.0,0,0,11,local,64828,2,12,18,SP,21,IP,-1,-1,21,0.0000,0.0000,0,0.0000
9,20708,2,beef intensive,1,37,20708,-36.395,144.943,165,9,3,2,0.0,1.0,0,0,-1,,-1,-1,-1,-1,,-1,,27,34,-1,0.0000,0.0000,0,0.0000
9,58349,6,dairy,1,336,58349,-36.381,144.928,165,9,3,2,0.0,1.0,0,0,-1,,-1,-1,-1,-1,,-1,,21,28,-1,0.0000,0.0000,0,0.0000
9,58352,6,dairy,1,298,58352,-36.3725,144.889,165,9,3,2,0.0,1.0,0,0,16,local,58330,2,17,22,SP,25,IP,21,-1,25,0.0000,0.0000,0,0.0000
9,120051,10,smallholder,4,10,120051,-36.3714,144.919,165,9,3,2,0.0,1.0,0,0,5,local,64828,2,7,20,SP,22,IP,-1,-1,22,0.0000,0.0000,0,0.0000
9,58357,6,dairy,1,357,58357,-36.362,144.901,165,9,3,2,0.0,1.0,0,0,7,local,64828,2,9,18,SP,21,IP,-1,-1,21,0.0000,0.0000,0,0.0000
10,20740,2,beef intensive,1,45,20740,-36.333,144.952,165,9,3,2,0.0,1.0,0,0,-1,,-1,-1,-1,-1,,-1,,24,31,-1,0.0000,0.0000,0,0.0000
10,116231,10,smallholder,4,6,116231,-36.3385,144.917,165,9,3,2,0.0,1.0,0,0,17,local,20773,2,19,20,ARP,22,IP,-1,-1,22,0.0000,0.0000,0,0.0000
10,20743,2,beef intensive,1,61,20743,-36.3129,144.904,165,9,3,2,0.0,1.0,0,0,-1,,-1,-1,-1,-1,,-1,,22,29,-1,0.0000,0.0000,0,0.0000
10,58375,6,dairy,1,122,58375,-36.3416,144.878,165,9,3,2,0.0,1.0,0,0,-1,,-1,-1,-1,-1,,-1,,21,28,-1,0.0000,0.0000,0,0.0000
10,20753,2,beef intensive,1,48,20753,-36.33,144.873,165,9,3,2,0.0,1.0,0,0,-1,,-1,-1,-1,-1,,-1,,21,28,-1,0.0000,0.0000,0,0.0000
10,20767,2,beef intensive,1,72,20767,-36.3093,144.915,165,9,3,2,0.0,1.0,0,0,-1,,-1,-1,-1,-1,,-1,,22,29,-1,0.0000,0.0000,0,0.0000
10,58401,6,dairy,1,139,58401,-36.2995,144.896,165,9,3,2,0.0,1.0,0,0,-1,,-1,-1,-1,-1,,-1,,24,31,-1,0.0000,0.0000,0,0.0000
10,20773,2,beef intensive,1,113,20773,-36.3494,144.921,165,9,3,2,0.0,1.0,0,0,6,local,64828,2,7,14,first detection,17,IP,-1,-1,17,0.0000,0.0000,0,0.0000
10,20775,2,beef intensive,1,71,20775,-36.3089,144.907,165,9,3,2,0.0,1.0,0,0,-1,,-1,-1,-1,-1,,-1,,21,28,-1,0.0000,0.0000,0,0.0000
10,58409,6,dairy,1,92,58409,-36.3257,144.935,165,9,3,2,0.0,1.0,0,0,-1,,-1,-1,-1,-1,,-1,,21,28,-1,0.0000,0.0000,0,0.0000
10,20785,2,beef intensive,1,133,20785,-36.3107,144.876,165,9,3,2,0.0,1.0,0,0,-1,,-1,-1,-1,-1,,-1,,24,31,-1,0.0000,0.0000,0,0.0000
10,20790,2,beef intensive,1,103,20790,-36.3372,144.875,165,9,3,2,0.0,1.0,0,0,-1,,-1,-1,-1,-1,,-1,,22,29,-1,0.0000,0.0000,0,0.0000
10,64828,7,pigs small,3,497,64828,-36.3539,144.911,165,9,3,2,0.0,0.8,0,0,0,seeding,0,-1,1,20,ARP,22,IP,-1,-1,22,0.0000,0.0000,0,0.0000
10,20807,2,beef intensive,1,90,20807,-36.3329,144.897,165,9,3,2,0.0,1.0,0,0,9,local,64828,2,10,18,SP,21,IP,-1,-1,21,0.0000,0.0000,0,0.0000
10,58445,6,dairy,1,502,58445,-36.3275,144.918,165,9,3,2,0.0,1.0,0,0,19,local,20807,2,20,21,ARP,24,IP,21,-1,24,0.0000,0.0000,0,0.0000
10,112972,10,smallholder,4,9,112972,-36.3109,144.906,165,9,3,2,0.0,1.0,0,0,21,local,58486,2,23,23,ARP,25,IP,-1,-1,25,0.0000,0.0000,0,0.0000
10,58447,6,dairy,1,215,58447,-36.3243,144.906,165,9,3,2,0.0,1.0,0,0,-1,,-1,-1,-1,-1,,-1,,21,28,-1,0.0000,0.0000,0,0.0000
10,58448,6,dairy,1,184,58448,-36.3245,144.925,165,9,3,2,0.0,1.0,0,0,-1,,-1,-1,-1,-1,,-1,,21,28,-1,0.0000,0.0000,0,0.0000
10,58455,6,dairy,1,237,58455,-36.3047,144.921,165,9,3,2,0.0,1.0,0,0,-1,,-1,-1,-1,-1,,-1,,21,28,-1,0.0000,0.0000,0,0.0000
10,128091,10,smallholder,4,8,128091,-36.3273,144.922,165,9,3,2,0.0,1.0,0,0,22,local,58486,2,24,23,ARP,25,IP,-1,-1,25,0.0000,0.0000,0,0.0000
10,20827,2,beef intensive,1,113,20827,-36.3746,144.897,165,9,3,2,0.0,1.0,0,0,20,local,130978,2,21,24,ARP,27,IP,22,29,27,0.0000,0.0000,0,0.0000
10,58459,6,dairy,1,190,58459,-36.2923,144.909,165,9,3,2,0.0,1.0,0,0,-1,,-1,-1,-1,-1,,-1,,24,31,-1,0.0000,0.0000,0,0.0000
10,58471,6,dairy,1,365,58471,-36.3182,144.887,165,9,3,2,0.0,1.0,0,0,-1,,-1,-1,-1,-1,,-1,,21,28,-1,0.0000,0.0000,0,0.0000
10,58472,6,dairy,1,291,58472,-36.3815,144.911,165,9,3,2,0.0,1.0,0,0,-1,,-1,-1,-1,-1,,-1,,21,28,-1,0.0000,0.0000,0,0.0000
10,58480,6,dairy,1,441,58480,-36.3164,144.949,165,9,3,2,0.0,1.0,0,0,-1,,-1,-1,-1,-1,,-1,,24,31,-1,0.0000,0.0000,0,0.0000
10,58486,6,dairy,1,510,58486,-36.3284,144.915,165,9,3,2,0.0,1.0,0,0,13,local,64828,2,14,20,SP,23,IP,-1,-1,23,0.0000,0.0000,0,0.0000
10,20858,2,beef intensive,1,40,20858,-36.33,144.931,165,9,3,2,0.0,1.0,0,0,23,local,58486,2,24,34,SP,37,IP,22,29,37,0.0000,0.0000,0,0.0000
10,20861,2,beef intensive,1,30,20861,-36.33,144.952,165,9,3,2,0.0,1.0,0,0,-1,,-1,-1,-1,-1,,-1,,24,31,-1,0.0000,0.0000,0,0.0000
10,58494,6,dairy,1,383,58494,-36.3246,144.903,165,9,3,2,0.0,1.0,0,0,-1,,-1,-1,-1,-1,,-1,,21,28,-1,0.0000,0.0000,0,0.0000
10,20865,2,beef intensive,1,40,20865,-36.3478,144.895,165,9,3,2,0.0,1.0,0,0,-1,,-1,-1,-1,-1,,-1,,22,29,-1,0.0000,0.0000,0,0.0000
10,58512,6,dairy,1,663,58512,-36.3016,144.878,165,9,3,2,0.0,1.0,0,0,-1,,-1,-1,-1,-1,,-1,,24,31,-1,0.0000,0.0000,0,0.0000
10,58516,6,dairy,1,532,58516,-36.292,144.908,165,9,3,2,0.0,1.0,0,0,-1,,-1,-1,-1,-1,,-1,,24,31,-1,0.0000,0.0000,0,0.0000
10,130978,10,smallholder,4,10,130978,-36.3623,144.912,165,9,3,2,0.0,1.0,0,0,8,local,64828,2,10,20,SP,22,IP,-1,-1,22,0.0000,0.0000,0,0.0000
10,58330,6,dairy,1,268,58330,-36.3692,144.887,165,9,3,2,0.0,1.0,0,0,-1,,-1,-1,-1,-1,,-1,,21,28,-1,0.0000,0.0000,0,0.0000
10,58339,6,dairy,1,486,58339,-36.333,144.869,165,9,3,2,0.0,1.0,0,0,-1,,-1,-1,-1,-1,,-1,,21,28,-1,0.0000,0.0000,0,0.0000
10,58343,6,dairy,1,158,58343,-36.2911,144.888,165,9,3,2,0.0,1.0,0,0,-1,,-1,-1,-1,-1,,-1,,24,31,-1,0.0000,0.0000,0,0.0000
10,58349,6,dairy,1,336,58349,-36.381,144.928,165,9,3,2,0.0,1.0,0,0,-1,,-1,-1,-1,-1,,-1,,21,28,-1,0.0000,0.0000,0,0.0000
10,58352,6,dairy,1,298,58352,-36.3725,144.889,165,9,3,2,0.0,1.0,0,0,-1,,-1,-1,-1,-1,,-1,,21,28,-1,0.0000,0.0000,0,0.0000
10,58357,6,dairy,1,357,58357,-36.362,144.901,165,9,3,2,0.0,1.0,0,0,15,local,64828,2,16,20,SP,23,IP,-1,-1,23,0.0000,0.0000,0,0.0000
10,20726,2,beef intensive,1,52,20726,-36.3033,144.9,165,9,3,2,0.0,1.0,0,0,-1,,-1,-1,-1,-1,,-1,,24,31,-1,0.0000,0.0000,0,0.0000
10,58359,6,dairy,1,212,58359,-36.3005,144.923,165,9,3,2,0.0,1.0,0,0,-1,,-1,-1,-1,-1,,-1,,24,31,-1,0.0000,0.0000,0,0.0000
10,20735,2,beef intensive,1,53,20735,-36.2918,144.924,165,9,3,2,0.0,1.0,0,0,-1,,-1,-1,-1,-1,,-1,,24,31,-1,0.0000,0.0000,0,0.0000
